date,open,high,low,close
10/31/2025,26.36,26.37,26.15,26.28
10/30/2025,26.31,26.415,26.17,26.18
10/29/2025,26.52,26.5684,26.3001,26.46
10/28/2025,26.5,26.5399,26.405,26.46
10/27/2025,26.36,26.45,26.3356,26.44
10/24/2025,26.11,26.2,26.0918,26.13
10/23/2025,25.78,25.97,25.75,25.93
10/22/2025,25.93,25.94,25.57,25.74
10/21/2025,25.92,25.985,25.855,25.91
10/20/2025,25.74,25.95,25.74,25.91
10/17/2025,25.46,25.68,25.3918,25.63
10/16/2025,25.8,25.84,25.375,25.51
10/15/2025,25.79,25.91,25.47,25.7
10/14/2025,25.35,25.7299,25.22,25.58
10/13/2025,25.5,25.6599,25.46,25.59
10/10/2025,25.94,26.01,25.18,25.2
10/9/2025,26.0,26.01,25.8211,25.89
10/8/2025,25.87,25.99,25.835,25.98
10/7/2025,25.98,25.99,25.75,25.82
10/6/2025,25.96,25.9883,25.855,25.93
10/3/2025,25.87,25.99,25.8,25.84
10/2/2025,25.87,25.87,25.725,25.83
10/1/2025,25.59,25.82,25.59,25.8
9/30/2025,25.59,25.72,25.52,25.71
9/29/2025,25.67,25.68,25.56,25.63
9/26/2025,25.46,25.57,25.4,25.56
9/25/2025,25.38,25.45,25.255,25.39
9/24/2025,25.69,25.69,25.48,25.53
9/23/2025,25.83,25.8798,25.66,25.71
9/22/2025,25.67,25.86,25.6503,25.84
9/19/2025,25.71,25.7551,25.6038,25.73
9/18/2025,25.6,25.7137,25.53,25.63
9/17/2025,25.51,25.608,25.28,25.48
9/16/2025,25.55,25.56,25.45,25.49
9/15/2025,25.48,25.55,25.47,25.52
9/12/2025,25.44,25.479,25.385,25.41
9/11/2025,25.28,25.465,25.27,25.43
9/10/2025,25.28,25.31,25.14,25.2
9/9/2025,25.1,25.1667,25.025,25.14
9/8/2025,25.1,25.14,25.04,25.105
9/5/2025,25.19,25.2301,24.8799,25.04
9/4/2025,24.89,25.09,24.8601,25.09
9/3/2025,24.84,24.8999,24.75,24.87
9/2/2025,24.63,24.77,24.55,24.77
8/29/2025,25.05,25.05,24.86,24.94
8/28/2025,25.03,25.11,24.96,25.09
8/27/2025,24.92,25.02,24.9,25.0
8/26/2025,24.82,24.9379,24.7999,24.93
8/25/2025,24.88,24.92,24.81,24.82
8/22/2025,24.59,24.99,24.5801,24.93
8/21/2025,24.51,24.5999,24.4447,24.52
8/20/2025,24.65,24.655,24.395,24.6
8/19/2025,24.81,24.8451,24.6197,24.67
8/18/2025,24.78,24.83,24.7639,24.82
8/15/2025,24.91,24.92,24.7647,24.81
8/14/2025,24.8,24.89,24.7695,24.86
8/13/2025,24.87,24.9199,24.8,24.9
8/12/2025,24.59,24.79,24.53,24.78
8/11/2025,24.56,24.6078,24.44,24.47
8/8/2025,24.44,24.5589,24.4304,24.53
8/7/2025,24.55,24.5696,24.25,24.38
8/6/2025,24.25,24.4178,24.22,24.38
8/5/2025,24.37,24.4,24.1742,24.24
8/4/2025,24.13,24.34,24.115,24.34
8/1/2025,24.15,24.15,23.85,23.97
7/31/2025,24.66,24.68,24.335,24.37
7/30/2025,24.54,24.62,24.3619,24.48
7/29/2025,24.64,24.65,24.47,24.51
7/28/2025,24.62,24.63,24.5271,24.58
7/25/2025,24.52,24.61,24.485,24.59
7/24/2025,24.49,24.54,24.47,24.48
7/23/2025,24.37,24.485,24.3226,24.48
7/22/2025,24.26,24.31,24.1515,24.28
7/21/2025,24.28,24.38,24.24,24.25
7/18/2025,24.32,24.32,24.18,24.23
7/17/2025,24.11,24.27,24.09,24.26
7/16/2025,24.07,24.1076,23.83,24.09
7/15/2025,24.22,24.2302,23.99,24.0
7/14/2025,24.03,24.14,24.0,24.13
7/11/2025,24.05,24.118,24.0,24.07
7/10/2025,24.12,24.22,24.0598,24.16
7/9/2025,24.03,24.1153,23.97,24.1
7/8/2025,23.99,24.02,23.92,23.96
7/7/2025,24.06,24.0891,23.8433,23.97
7/3/2025,24.02,24.175,24.02,24.14
7/2/2025,23.82,23.95,23.79,23.95
7/1/2025,23.77,23.8779,23.73,23.82
6/30/2025,23.8,23.87,23.715,23.83
6/27/2025,23.66,23.77,23.555,23.71
6/26/2025,23.48,23.61,23.45,23.59
6/25/2025,23.47,23.47,23.35,23.39
6/24/2025,23.37,23.52,23.35,23.48
6/23/2025,23.0,23.2265,22.88,23.22
6/20/2025,23.15,23.1851,22.935,23.0
6/18/2025,23.05,23.19,23.0,23.05
6/17/2025,23.14,23.19,23.0,23.04
6/16/2025,23.13,23.3,23.13,23.22
6/13/2025,23.07,23.2,22.9452,23.01
6/12/2025,23.14,23.28,23.12,23.28
6/11/2025,23.31,23.35,23.13,23.21
6/10/2025,23.18,23.285,23.13,23.26
6/9/2025,23.16,23.22,23.1,23.15
6/6/2025,23.09,23.18,23.04,23.12
6/5/2025,23.06,23.11,22.805,22.88
6/4/2025,23.01,23.06,22.96,22.97
6/3/2025,22.84,23.02,22.8,22.99
6/2/2025,22.67,22.83,22.53,22.83
5/30/2025,22.69,22.775,22.48,22.72
5/29/2025,22.88,22.88,22.59,22.73
5/28/2025,22.79,22.8488,22.6201,22.65
5/27/2025,22.59,22.7983,22.525,22.79
5/23/2025,22.19,22.42,22.16,22.33
5/22/2025,22.44,22.6065,22.4,22.47
5/21/2025,22.72,22.84,22.4136,22.47
5/20/2025,22.88,22.9153,22.74,22.87
5/19/2025,22.69,22.9699,22.64,22.95
5/16/2025,22.81,22.94,22.74,22.94
5/15/2025,22.61,22.79,22.57,22.78
5/14/2025,22.7,22.7393,22.6,22.67
5/13/2025,22.52,22.75,22.5131,22.65
5/12/2025,22.45,22.5,22.2751,22.49
5/9/2025,21.88,21.8978,21.7166,21.78
5/8/2025,21.8,22.0,21.66,21.79
5/7/2025,21.6,21.71,21.43,21.61
5/6/2025,21.51,21.7,21.4516,21.54
5/5/2025,21.66,21.84,21.64,21.7
5/2/2025,21.72,21.8966,21.6601,21.82
5/1/2025,21.57,21.7174,21.475,21.49
4/30/2025,21.08,21.4124,20.8452,21.35
4/29/2025,21.15,21.4,21.15,21.35
4/28/2025,21.23,21.32,20.9944,21.23
4/25/2025,21.06,21.215,20.94,21.21
4/24/2025,20.67,21.08,20.6263,21.06
4/23/2025,20.8,21.02,20.56,20.61
4/22/2025,20.0,20.3703,19.98,20.29
4/21/2025,20.07,20.1,19.57,19.79
4/17/2025,20.3,20.4266,20.155,20.25
4/16/2025,20.43,20.5669,20.0,20.23
4/15/2025,20.72,20.8691,20.615,20.65
4/14/2025,20.88,20.8999,20.485,20.68
4/11/2025,20.1,20.58,19.96,20.48
4/10/2025,20.46,20.495,19.58,20.17
4/9/2025,18.95,21.0051,18.93,20.88
4/8/2025,20.07,20.185,18.8,19.1
4/7/2025,18.78,20.13,18.525,19.39
4/4/2025,20.1,20.19,19.4324,19.47
4/3/2025,21.0,21.0901,20.6535,20.69
4/2/2025,21.36,21.87,21.355,21.76
4/1/2025,21.45,21.679,21.3,21.61
3/31/2025,21.18,21.5851,21.05,21.53
3/28/2025,21.8,21.8299,21.3831,21.44
3/27/2025,21.87,22.0167,21.78,21.86
3/26/2025,22.2,22.24,21.88,21.95
3/25/2025,22.29,22.3172,22.205,22.27
3/24/2025,22.07,22.27,22.07,22.22
3/21/2025,21.65,21.85,21.58,21.83
3/20/2025,21.74,22.014,21.705,21.82
3/19/2025,21.7,22.0269,21.6538,21.88
3/18/2025,21.77,21.77,21.55,21.63
3/17/2025,21.67,21.9671,21.665,21.85
3/14/2025,21.41,21.7173,21.395,21.69
3/13/2025,21.5,21.52,21.15,21.23
3/12/2025,21.66,21.7,21.33,21.52
3/11/2025,21.52,21.68,21.255,21.41
3/10/2025,21.85,21.93,21.375,21.58
3/7/2025,22.01,22.24,21.7711,22.18
3/6/2025,22.2,22.375,21.965,22.08
3/5/2025,22.26,22.555,22.1,22.5
3/4/2025,22.32,22.58,22.03,22.24
3/3/2025,23.03,23.07,22.37,22.53
2/28/2025,22.6,22.95,22.495,22.92
2/27/2025,23.05,23.08,22.575,22.58
2/26/2025,23.01,23.155,22.8599,22.96
2/25/2025,23.05,23.085,22.75,22.93
2/24/2025,23.25,23.2897,23.0114,23.05
2/21/2025,23.64,23.64,23.15,23.18
2/20/2025,23.7,23.7,23.485,23.63
2/19/2025,23.66,23.7655,23.625,23.75
2/18/2025,23.68,23.71,23.5901,23.71
2/14/2025,23.67,23.69,23.61,23.65
2/13/2025,23.44,23.64,23.395,23.64
2/12/2025,23.24,23.4393,23.2,23.39
2/11/2025,23.39,23.486,23.37,23.47
2/10/2025,23.44,23.5,23.4,23.47
2/7/2025,23.55,23.6101,23.3,23.32
2/6/2025,23.54,23.55,23.395,23.55
2/5/2025,23.34,23.48,23.255,23.48
2/4/2025,23.21,23.3778,23.19,23.37
2/3/2025,22.98,23.3,22.91,23.2
1/31/2025,23.6,23.6876,23.3443,23.36
1/30/2025,23.44,23.568,23.34,23.5
1/29/2025,23.43,23.455,23.25,23.37
1/28/2025,23.28,23.5,23.185,23.45
1/27/2025,23.13,23.296,23.09,23.27
1/24/2025,23.68,23.7028,23.5501,23.6
1/23/2025,23.53,23.67,23.49,23.67
1/22/2025,23.54,23.596,23.5108,23.54
1/21/2025,23.31,23.43,23.25,23.43
1/17/2025,23.2,23.27,23.14,23.21
1/16/2025,23.04,23.075,22.935,22.97
1/15/2025,22.92,23.0476,22.88,23.02
1/14/2025,22.65,22.69,22.435,22.58
1/13/2025,22.31,22.545,22.2872,22.54
1/10/2025,22.71,22.71,22.41,22.5
1/8/2025,22.83,22.8876,22.67,22.85
1/7/2025,23.17,23.179,22.735,22.83
1/6/2025,23.13,23.255,23.02,23.09
1/3/2025,22.75,22.97,22.72,22.95
1/2/2025,22.82,22.9053,22.49,22.66
12/31/2024,22.85,22.87,22.63,22.7
12/30/2024,22.76,22.91,22.615,22.78
12/27/2024,23.15,23.16,22.8601,23.03
12/26/2024,23.2,23.32,23.14,23.28
12/24/2024,23.05,23.275,23.04,23.26
12/23/2024,22.9,23.04,22.755,23.01
12/20/2024,22.55,23.0799,22.51,22.9
12/19/2024,22.87,22.92,22.63,22.64
12/18/2024,23.4,23.46,22.635,22.65
12/17/2024,23.41,23.4283,23.33,23.39
12/16/2024,23.46,23.55,23.445,23.51
12/13/2024,23.5,23.52,23.34,23.41
12/12/2024,23.51,23.5399,23.42,23.43
12/11/2024,23.49,23.59,23.48,23.55
12/10/2024,23.57,23.57,23.42,23.45
12/9/2024,23.68,23.69,23.52,23.55
12/6/2024,23.67,23.7299,23.65,23.69
12/5/2024,23.71,23.71,23.6127,23.63
12/4/2024,23.61,23.7,23.59,23.7
12/3/2024,23.51,23.54,23.47,23.52
12/2/2024,23.5,23.555,23.4771,23.53
11/29/2024,23.38,23.53,23.38,23.49
11/27/2024,23.44,23.45,23.29,23.36
11/26/2024,23.38,23.4475,23.3247,23.42
11/25/2024,23.38,23.45,23.255,23.32
11/22/2024,23.12,23.25,23.1,23.23
11/21/2024,23.09,23.17,22.87,23.12
11/20/2024,22.95,22.965,22.73,22.96
11/19/2024,22.71,22.9599,22.68,22.94
11/18/2024,22.77,22.89,22.72,22.84
11/15/2024,22.9,22.915,22.6648,22.74
11/14/2024,23.22,23.2299,23.0083,23.04
11/13/2024,23.24,23.3,23.15,23.2
11/12/2024,23.29,23.32,23.11,23.21
11/11/2024,23.32,23.3438,23.23,23.31
11/8/2024,23.15,23.29,23.13,23.24
11/7/2024,23.03,23.175,23.03,23.13
11/6/2024,22.85,22.99,22.7201,22.97
11/5/2024,22.1,22.35,22.07,22.35
11/4/2024,22.1,22.165,21.99,22.06
11/1/2024,22.12,22.275,22.08,22.11
10/31/2024,22.29,22.29,22.0,22.01
10/30/2024,22.45,22.5699,22.4018,22.43
10/29/2024,22.41,22.5251,22.35,22.47
10/28/2024,22.49,22.51,22.4416,22.46
10/25/2024,22.45,22.57,22.33,22.36
10/24/2024,22.39,22.4099,22.2718,22.37
10/23/2024,22.46,22.465,22.18,22.33
10/22/2024,22.46,22.5665,22.4255,22.53
10/21/2024,22.59,22.6099,22.4337,22.56
10/18/2024,22.6,22.64,22.545,22.62
10/17/2024,22.65,22.6573,22.52,22.54
10/16/2024,22.45,22.55,22.4035,22.54
10/15/2024,22.58,22.61,22.38,22.42
10/14/2024,22.47,22.6063,22.4401,22.57
10/11/2024,22.22,22.42,22.22,22.4
10/10/2024,22.2167,22.2833,22.155,22.2333
10/9/2024,22.1333,22.29,22.0967,22.2733
10/8/2024,22.0133,22.1417,21.9881,22.1233
10/7/2024,22.0767,22.0833,21.88,21.9367
10/4/2024,22.0933,22.14,21.9467,22.1333
10/3/2024,21.8933,21.9917,21.83,21.91
10/2/2024,21.9233,22.0013,21.8234,21.9667
10/1/2024,22.1467,22.1467,21.85,21.96
9/30/2024,22.04,22.1833,21.9498,22.1733
9/27/2024,22.16,22.1819,22.0367,22.08
9/26/2024,22.1667,22.1966,22.01,22.1
9/25/2024,22.0633,22.09,21.9667,22.0067
9/24/2024,22.13,22.14,22.0033,22.1367
9/23/2024,22.08,22.1067,22.0233,22.0867
9/20/2024,22.0433,22.07,21.9167,22.03
9/19/2024,22.0733,22.15,21.96,22.08
9/18/2024,21.79,21.9967,21.6833,21.7067
9/17/2024,21.8167,21.89,21.6767,21.7567
9/16/2024,21.67,21.7467,21.6167,21.74
9/13/2024,21.59,21.7267,21.5718,21.6867
9/12/2024,21.3867,21.5633,21.3083,21.5467
9/11/2024,21.1533,21.3933,20.8117,21.36
9/10/2024,21.14,21.1633,20.94,21.1567
9/9/2024,21.01,21.1317,20.9404,21.0733
9/6/2024,21.2233,21.28,20.8183,20.8467
9/5/2024,21.2667,21.3633,21.1167,21.2067
9/4/2024,21.2367,21.4033,21.2086,21.27
9/3/2024,21.6633,21.6667,21.22,21.3133
8/30/2024,21.6767,21.8033,21.53,21.7867
8/29/2024,21.65,21.7833,21.5433,21.59
8/28/2024,21.67,21.69,21.4433,21.5667
8/27/2024,21.6133,21.7133,21.5733,21.6933
8/26/2024,21.7667,21.8,21.6233,21.6833
8/23/2024,21.5967,21.75,21.5567,21.7333
8/22/2024,21.7033,21.7333,21.42,21.4667
8/21/2024,21.58,21.6733,21.5234,21.6467
8/20/2024,21.5867,21.63,21.4833,21.53
8/19/2024,21.4067,21.5933,21.3767,21.5933
8/16/2024,21.2833,21.4133,21.2603,21.39
8/15/2024,21.1967,21.3533,21.18,21.3467
8/14/2024,20.9667,21.015,20.8333,20.9633
8/13/2024,20.69,20.9167,20.6702,20.9133
8/12/2024,20.6333,20.6633,20.4917,20.56
8/9/2024,20.48,20.6333,20.41,20.5767
8/8/2024,20.24,20.5167,20.16,20.4833
8/7/2024,20.4233,20.53,20.0037,20.02
8/6/2024,20.0967,20.4567,20.0,20.1633
8/5/2024,19.6933,20.22,19.6667,19.9767
8/2/2024,20.6867,20.7233,20.4034,20.5767
8/1/2024,21.3967,21.4883,20.8667,21.0133
7/31/2024,21.29,21.4667,21.22,21.34
7/30/2024,21.1633,21.2167,20.8867,21.03
7/29/2024,21.1933,21.215,21.0385,21.1167
7/26/2024,21.0333,21.21,21.0033,21.12
7/25/2024,20.94,21.215,20.8133,20.87
7/24/2024,21.24,21.26,20.9033,20.94
7/23/2024,21.4433,21.5333,21.4133,21.4333
7/22/2024,21.3767,21.4633,21.2883,21.4533
7/19/2024,21.3433,21.3967,21.18,21.22
7/18/2024,21.6,21.65,21.2717,21.36
7/17/2024,21.62,21.7033,21.53,21.5467
7/16/2024,21.7333,21.8567,21.7183,21.84
7/15/2024,21.6767,21.7883,21.6,21.6733
7/12/2024,21.48,21.7183,21.48,21.5833
7/11/2024,21.59,21.6317,21.4133,21.4467
7/10/2024,21.3967,21.5567,21.3715,21.55
7/9/2024,21.3767,21.395,21.3271,21.3433
7/8/2024,21.3533,21.37,21.295,21.34
7/5/2024,21.2133,21.32,21.1766,21.31
7/3/2024,21.1167,21.215,21.115,21.2033
7/2/2024,20.93,21.1233,20.93,21.1233
7/1/2024,21.0267,21.0267,20.8882,20.9867
6/28/2024,21.0567,21.1733,20.9067,20.9567
6/27/2024,20.98,21.0333,20.9517,21.03
6/26/2024,20.9167,21.0033,20.89,20.9667
6/25/2024,21.0167,21.0383,20.94,21.0367
6/24/2024,21.0067,21.1183,20.96,20.96
6/21/2024,21.03,21.0433,20.94,21.01
6/20/2024,21.13,21.1521,20.9667,21.0433
6/18/2024,21.0467,21.1,21.0333,21.1
6/17/2024,20.8533,21.0867,20.83,21.0267
6/14/2024,20.8267,20.88,20.7643,20.88
6/13/2024,20.95,20.95,20.7867,20.9
6/12/2024,20.9033,20.9977,20.84,20.8833
6/11/2024,20.6033,20.6933,20.5033,20.6867
6/10/2024,20.5567,20.6717,20.53,20.6633
6/7/2024,20.5833,20.69,20.5367,20.59
6/6/2024,20.64,20.6667,20.5633,20.6333
6/5/2024,20.5,20.65,20.4167,20.65
6/4/2024,20.36,20.4286,20.275,20.3967
6/3/2024,20.4833,20.4833,20.21,20.41
5/31/2024,20.28,20.4,20.0655,20.3967
5/30/2024,20.2933,20.3267,20.18,20.2433
5/29/2024,20.3267,20.3894,20.3167,20.3533
5/28/2024,20.5467,20.5467,20.3967,20.4933
5/24/2024,20.4367,20.5283,20.392,20.49
5/23/2024,20.6567,20.6567,20.3072,20.3633
5/22/2024,20.5767,20.5917,20.4433,20.5367
5/21/2024,20.52,20.6033,20.515,20.6033
5/20/2024,20.54,20.6133,20.5217,20.5667
5/17/2024,20.5267,20.5367,20.45,20.5333
5/16/2024,20.5567,20.61,20.5,20.51
5/15/2024,20.4067,20.57,20.3867,20.55
5/14/2024,20.2167,20.3267,20.2017,20.3133
5/13/2024,20.27,20.27,20.1667,20.21
5/10/2024,20.25,20.27,20.1517,20.2033
5/9/2024,20.0767,20.1867,20.04,20.1867
5/8/2024,20.0,20.08,19.9767,20.07
5/7/2024,20.09,20.1293,20.05,20.0833
5/6/2024,19.9367,20.055,19.9333,20.05
5/3/2024,19.8633,19.9067,19.7467,19.8467
5/2/2024,19.5767,19.6367,19.38,19.6167
5/1/2024,19.44,19.7233,19.38,19.4067
4/30/2024,19.7233,19.75,19.4633,19.4667
4/29/2024,19.7667,19.8072,19.675,19.79
4/26/2024,19.64,19.7685,19.6067,19.7033
4/25/2024,19.3567,19.5567,19.2883,19.5333
4/24/2024,19.6433,19.685,19.5133,19.61
4/23/2024,19.4567,19.6367,19.4333,19.6133
4/22/2024,19.3033,19.475,19.2033,19.3767
4/19/2024,19.3233,19.3833,19.1367,19.19
4/18/2024,19.4467,19.525,19.3033,19.35
4/17/2024,19.5967,19.6067,19.33,19.39
4/16/2024,19.56,19.615,19.4483,19.4933
4/15/2024,19.95,19.9733,19.5083,19.55
4/12/2024,19.97,20.0066,19.7333,19.7933
4/11/2024,20.02,20.1467,19.8733,20.1033
4/10/2024,19.9267,20.0383,19.8733,19.96
4/9/2024,20.2067,20.2267,19.9876,20.1867
4/8/2024,20.1733,20.2019,20.1233,20.1567
4/5/2024,19.98,20.205,19.9583,20.1367
4/4/2024,20.3133,20.3433,19.9134,19.9333
4/3/2024,20.09,20.2233,20.0867,20.17
4/2/2024,20.1433,20.1433,20.05,20.14
4/1/2024,20.3767,20.3783,20.2433,20.2967
3/28/2024,20.3433,20.3933,20.33,20.35
3/27/2024,20.2567,20.3367,20.1933,20.3367
3/26/2024,20.25,20.26,20.14,20.1533
3/25/2024,20.1933,20.23,20.1817,20.1933
3/22/2024,20.2833,20.2933,20.22,20.2367
3/21/2024,20.3267,20.3583,20.28,20.28
3/20/2024,20.0033,20.2133,19.9767,20.2067
3/19/2024,19.9067,20.068,19.88,20.0667
3/18/2024,19.9967,20.04,19.935,19.9567
3/15/2024,19.85,19.92,19.7917,19.85
3/14/2024,20.0833,20.0833,19.846,19.97
3/13/2024,20.0733,20.095,19.9867,20.05
3/12/2024,19.9533,20.0853,19.8433,20.0633
3/11/2024,19.86,19.8967,19.7733,19.8733
3/8/2024,20.07,20.1617,19.8733,19.9067
3/7/2024,19.9433,20.055,19.9267,20.0267
3/6/2024,19.8433,19.9067,19.765,19.8167
3/5/2024,19.8367,19.855,19.6267,19.72
3/4/2024,19.9233,19.9933,19.91,19.91
3/1/2024,19.79,19.9483,19.7633,19.94
2/29/2024,19.7633,19.81,19.64,19.77
2/28/2024,19.65,19.705,19.6267,19.68
2/27/2024,19.69,19.7153,19.6267,19.7133
2/26/2024,19.7133,19.7417,19.6467,19.65
2/23/2024,19.7567,19.7817,19.6708,19.71
2/22/2024,19.5467,19.7233,19.5233,19.69
2/21/2024,19.2467,19.3133,19.17,19.31
2/20/2024,19.3533,19.3683,19.2167,19.3
2/16/2024,19.5267,19.5664,19.4133,19.4333
2/15/2024,19.43,19.5433,19.3967,19.54
2/14/2024,19.2933,19.3967,19.21,19.39
2/13/2024,19.2,19.26,19.0447,19.1867
2/12/2024,19.4733,19.5783,19.4533,19.4767
2/9/2024,19.3833,19.4833,19.3533,19.4733
2/8/2024,19.2967,19.35,19.2833,19.35
2/7/2024,19.24,19.3217,19.1883,19.3
2/6/2024,19.12,19.1567,19.0733,19.15
2/5/2024,19.1367,19.1422,18.9833,19.0867
2/2/2024,19.0067,19.2367,18.9767,19.1767
2/1/2024,18.8333,18.9967,18.77,18.9967
1/31/2024,18.98,19.02,18.7533,18.76
1/30/2024,19.08,19.1033,19.0467,19.0833
1/29/2024,18.9533,19.1067,18.9333,19.0967
1/26/2024,18.9367,19.0001,18.9033,18.94
1/25/2024,18.9367,18.9667,18.85,18.95
1/24/2024,18.9733,18.99,18.8367,18.8533
1/23/2024,18.85,18.8567,18.772,18.85
1/22/2024,18.8,18.8722,18.7701,18.8133
1/19/2024,18.5733,18.7433,18.5167,18.7333
1/18/2024,18.4267,18.52,18.3433,18.5033
1/17/2024,18.33,18.3614,18.2467,18.3467
1/16/2024,18.4767,18.52,18.3833,18.46
1/12/2024,18.5867,18.6348,18.4833,18.54
1/11/2024,18.5833,18.5933,18.3667,18.5333
1/10/2024,18.4633,18.5817,18.4367,18.5533
1/9/2024,18.39,18.4967,18.3533,18.4567
1/8/2024,18.2433,18.4967,18.2333,18.4967
1/5/2024,18.1933,18.32,18.17,18.2233
1/4/2024,18.2233,18.3317,18.1883,18.2033
1/3/2024,18.3467,18.3483,18.2267,18.2467
1/2/2024,18.4333,18.4933,18.3567,18.4367
12/29/2023,18.6267,18.6433,18.49,18.5567
12/28/2023,18.64,18.6667,18.6183,18.6367
12/27/2023,18.5933,18.64,18.5683,18.6167
12/26/2023,18.51,18.63,18.51,18.5933
12/22/2023,18.4933,18.5667,18.4233,18.4967
12/21/2023,18.3967,18.465,18.3,18.4567
12/20/2023,18.5,18.58,18.25,18.26
12/19/2023,18.4333,18.5367,18.4291,18.53
12/18/2023,18.36,18.435,18.36,18.3967
12/15/2023,18.33,18.37,18.2683,18.3233
12/14/2023,18.32,18.4167,18.24,18.3433
12/13/2023,17.97,18.2483,17.9467,18.2433
12/12/2023,17.8733,17.9667,17.8233,17.9633
12/11/2023,17.8033,17.8933,17.7867,17.89
12/8/2023,17.7067,17.8367,17.6933,17.8167
12/7/2023,17.6667,17.75,17.65,17.7333
12/6/2023,17.75,17.76,17.5834,17.5967
12/5/2023,17.6967,17.78,17.6833,17.74
12/4/2023,17.71,17.78,17.6733,17.7667
12/1/2023,17.66,17.85,17.64,17.84
11/30/2023,17.6633,17.7,17.5767,17.69
11/29/2023,17.6867,17.76,17.6033,17.6167
11/28/2023,17.5733,17.6617,17.5469,17.6033
11/27/2023,17.6033,17.63,17.5733,17.6
11/24/2023,17.6,17.6267,17.5967,17.6267
11/22/2023,17.5867,17.6467,17.5533,17.6
11/21/2023,17.5333,17.5433,17.48,17.53
11/20/2023,17.4467,17.6099,17.4367,17.5833
11/17/2023,17.4367,17.4636,17.3867,17.4467
11/16/2023,17.3833,17.4233,17.323,17.4067
11/15/2023,17.4233,17.4933,17.3767,17.41
11/14/2023,17.2367,17.4117,17.22,17.3667
11/13/2023,16.94,17.0264,16.9121,16.98
11/10/2023,16.8233,17.0067,16.76,17.0033
11/9/2023,16.94,16.94,16.73,16.75
11/8/2023,16.92,16.9333,16.8033,16.89
11/7/2023,16.8367,16.9183,16.7967,16.8967
11/6/2023,16.86,16.8833,16.7617,16.8433
11/3/2023,16.74,16.8967,16.74,16.8367
11/2/2023,16.4833,16.65,16.4833,16.6467
11/1/2023,16.1867,16.3483,16.1667,16.3267
10/31/2023,16.0867,16.1733,16.0067,16.1667
10/30/2023,15.98,16.0936,15.9233,16.0567
10/27/2023,16.02,16.03,15.821,15.87
10/26/2023,16.0833,16.1267,15.9133,15.96
10/25/2023,16.2867,16.3033,16.1067,16.1267
10/24/2023,16.3333,16.4267,16.267,16.3767
10/23/2023,16.2333,16.41,16.1567,16.2567
10/20/2023,16.4867,16.4936,16.29,16.2967
10/19/2023,16.6833,16.7533,16.47,16.5
10/18/2023,16.8333,16.8533,16.62,16.66
10/17/2023,16.7633,16.99,16.7533,16.9033
10/16/2023,16.78,16.92,16.7733,16.8867
10/13/2023,16.85,16.89,16.6333,16.7
10/12/2023,16.9333,16.94,16.6967,16.79
10/11/2023,16.89,16.9383,16.8,16.9267
10/10/2023,16.7833,16.9617,16.7767,16.8533
10/9/2023,16.5733,16.7817,16.5567,16.76
10/6/2023,16.3433,16.7133,16.31,16.6533
10/5/2023,16.4467,16.4838,16.33,16.4567
10/4/2023,16.36,16.4867,16.2967,16.4633
10/3/2023,16.49,16.5467,16.29,16.3467
10/2/2023,16.59,16.6433,16.48,16.59
9/29/2023,16.78,16.785,16.5633,16.6167
9/28/2023,16.53,16.7233,16.5133,16.6533
9/27/2023,16.58,16.61,16.405,16.5533
9/26/2023,16.6567,16.6833,16.4967,16.53
9/25/2023,16.6433,16.77,16.63,16.77
9/22/2023,16.7833,16.83,16.685,16.7033
9/21/2023,16.9067,16.91,16.73,16.74
9/20/2023,17.2167,17.25,17.0133,17.0133
9/19/2023,17.2467,17.2633,17.135,17.2433
9/18/2023,17.2667,17.3317,17.2433,17.2833
9/15/2023,17.4333,17.4333,17.26,17.2867
9/14/2023,17.4367,17.5133,17.3803,17.4833
9/13/2023,17.3367,17.38,17.2867,17.34
9/12/2023,17.37,17.43,17.3133,17.34
9/11/2023,17.4167,17.4365,17.3533,17.4267
9/8/2023,17.3033,17.3667,17.2783,17.3167
9/7/2023,17.2333,17.3167,17.2067,17.2933
9/6/2023,17.44,17.4433,17.26,17.3567
9/5/2023,17.5433,17.5433,17.4633,17.4667
9/1/2023,17.6167,17.65,17.5106,17.5633
8/31/2023,17.56,17.6083,17.5067,17.5133
8/30/2023,17.4633,17.5533,17.44,17.5333
8/29/2023,17.1967,17.46,17.1833,17.4467
8/28/2023,17.18,17.22,17.1267,17.1967
8/25/2023,17.0367,17.1367,16.89,17.0867
8/24/2023,17.27,17.2867,16.9733,16.9733
8/23/2023,17.06,17.23,17.05,17.2133
8/22/2023,17.14,17.14,16.9967,17.02
8/21/2023,16.9967,17.0933,16.9133,17.0567
8/18/2023,16.8333,17.0033,16.8183,16.96
8/17/2023,17.1367,17.1567,16.93,16.95
8/16/2023,17.2,17.27,17.0867,17.0933
8/15/2023,17.3567,17.361,17.2033,17.23
8/14/2023,17.3033,17.4333,17.2767,17.4333
8/11/2023,17.2867,17.38,17.2633,17.3467
8/10/2023,17.4533,17.5767,17.3033,17.3567
8/9/2023,17.4867,17.4867,17.32,17.36
8/8/2023,17.45,17.49,17.3317,17.48
8/7/2023,17.49,17.57,17.4533,17.57
8/4/2023,17.5733,17.6555,17.4067,17.43
8/3/2023,17.4733,17.5723,17.43,17.5
8/2/2023,17.6733,17.6767,17.52,17.5533
8/1/2023,17.7967,17.8257,17.755,17.8067
7/31/2023,17.84,17.873,17.7943,17.8567
7/28/2023,17.7633,17.8333,17.7367,17.8
7/27/2023,17.88,17.9036,17.5867,17.6167
7/26/2023,17.7067,17.81,17.6767,17.7567
7/25/2023,17.6867,17.7995,17.6768,17.7467
7/24/2023,17.6733,17.7267,17.6433,17.6967
7/21/2023,17.7067,17.7067,17.6267,17.6333
7/20/2023,17.7133,17.75,17.6033,17.64
7/19/2023,17.76,17.81,17.73,17.7633
7/18/2023,17.5733,17.7433,17.56,17.7233
7/17/2023,17.5,17.6233,17.5,17.5833
7/14/2023,17.5733,17.5833,17.48,17.51
7/13/2023,17.4667,17.5667,17.45,17.5367
7/12/2023,17.4067,17.4433,17.3483,17.3833
7/11/2023,17.1667,17.2733,17.1236,17.2567
7/10/2023,17.04,17.1267,17.0333,17.1267
7/7/2023,17.04,17.2067,17.03,17.0567
7/6/2023,17.07,17.08,16.9561,17.07
7/5/2023,17.1933,17.2467,17.1845,17.2233
7/3/2023,17.2267,17.27,17.2067,17.27
6/30/2023,17.17,17.27,17.16,17.2333
6/29/2023,16.9633,17.05,16.9433,17.0467
6/28/2023,16.9167,17.0066,16.8834,16.9633
6/27/2023,16.7967,16.9733,16.7733,16.95
6/26/2023,16.7967,16.87,16.7433,16.7533
6/23/2023,16.8133,16.8767,16.7767,16.8067
6/22/2023,16.8533,16.9467,16.8333,16.94
6/21/2023,16.9567,16.98,16.8767,16.9067
6/20/2023,17.0667,17.0901,16.9633,17.0567
6/16/2023,17.2967,17.2967,17.13,17.1467
6/15/2023,16.9633,17.2533,16.9589,17.21
6/14/2023,17.01,17.0819,16.8633,17.0033
6/13/2023,16.9433,17.02,16.92,16.9967
6/12/2023,16.7567,16.8767,16.73,16.8767
6/9/2023,16.7433,16.81,16.68,16.7233
6/8/2023,16.6233,16.7233,16.5767,16.71
6/7/2023,16.6867,16.7317,16.6014,16.6267
6/6/2023,16.5667,16.6733,16.5437,16.66
6/5/2023,16.63,16.6753,16.5533,16.5867
6/2/2023,16.4767,16.65,16.4533,16.6267
6/1/2023,16.2133,16.4,16.1567,16.3567
5/31/2023,16.22,16.25,16.125,16.2033
5/30/2023,16.37,16.3895,16.235,16.2933
5/26/2023,16.1033,16.3133,16.0967,16.2867
5/25/2023,16.0867,16.1233,15.9867,16.0733
5/24/2023,16.02,16.0267,15.9167,15.96
5/23/2023,16.1933,16.25,16.07,16.0867
5/22/2023,16.24,16.3163,16.1928,16.2633
5/19/2023,16.3067,16.32,16.1817,16.2367
5/18/2023,16.1,16.2817,16.0833,16.27
5/17/2023,15.9733,16.1317,15.9173,16.1033
5/16/2023,15.98,16.0,15.9,15.9067
5/15/2023,15.97,16.0465,15.9167,16.0233
5/12/2023,16.0267,16.0367,15.8567,15.95
5/11/2023,15.9733,15.9867,15.9,15.9833
5/10/2023,16.0567,16.09,15.8633,16.0167
5/9/2023,15.9467,15.9867,15.9267,15.95
5/8/2023,16.0133,16.0233,15.9533,16.0033
5/5/2023,15.8467,16.04,15.8467,16.0033
5/4/2023,15.7633,15.78,15.64,15.6967
5/3/2023,15.9267,16.05,15.81,15.8133
5/2/2023,16.0767,16.08,15.79,15.9133
5/1/2023,16.11,16.1933,16.0983,16.1133
4/28/2023,15.9567,16.12,15.94,16.12
4/27/2023,15.7933,15.9956,15.7733,15.99
4/26/2023,15.79,15.8267,15.6633,15.6933
4/25/2023,15.9567,15.9583,15.755,15.76
4/24/2023,16.0033,16.0533,15.95,16.0333
4/21/2023,16.03,16.04,15.94,16.0267
4/20/2023,15.9767,16.0775,15.95,16.01
4/19/2023,16.01,16.1333,16.01,16.1033
4/18/2023,16.16,16.1603,16.05,16.1033
4/17/2023,16.0267,16.0933,15.98,16.0933
4/14/2023,16.05,16.135,15.93,16.03
4/13/2023,15.91,16.0833,15.895,16.07
4/12/2023,16.02,16.04,15.8433,15.8567
4/11/2023,15.9333,15.9933,15.897,15.93
4/10/2023,15.8033,15.9233,15.7633,15.9233
4/6/2023,15.7833,15.89,15.7433,15.8767
4/5/2023,15.86,15.8733,15.7567,15.83
4/4/2023,16.0167,16.0267,15.8317,15.8867
4/3/2023,15.9467,16.02,15.8933,16.0
3/31/2023,15.7633,15.9633,15.7435,15.95
3/30/2023,15.73,15.7567,15.6433,15.71
3/29/2023,15.5567,15.6367,15.5233,15.6267
3/28/2023,15.4033,15.45,15.33,15.41
3/27/2023,15.4833,15.5208,15.3933,15.4333
3/24/2023,15.2333,15.3933,15.14,15.3867
3/23/2023,15.3767,15.545,15.1867,15.2933
3/22/2023,15.55,15.68,15.2633,15.2667
3/21/2023,15.5467,15.6333,15.4937,15.6167
3/20/2023,15.2933,15.4233,15.2567,15.39
3/17/2023,15.4067,15.4233,15.19,15.2467
3/16/2023,15.0933,15.46,15.0636,15.44
3/15/2023,15.08,15.19,14.9633,15.19
3/14/2023,15.28,15.385,15.12,15.3033
3/13/2023,14.9333,15.2467,14.8567,15.04
3/10/2023,15.3333,15.39,15.0233,15.1
3/9/2023,15.6933,15.7567,15.3217,15.36
3/8/2023,15.6533,15.7033,15.58,15.67
3/7/2023,15.87,15.8933,15.6232,15.6433
3/6/2023,15.9267,16.0133,15.8633,15.8867
3/3/2023,15.7167,15.9125,15.6967,15.9033
3/2/2023,15.4667,15.685,15.4333,15.6533
3/1/2023,15.57,15.6133,15.4833,15.5433
2/28/2023,15.6333,15.7067,15.5867,15.5967
2/27/2023,15.71,15.7799,15.6033,15.6333
2/24/2023,15.56,15.6167,15.4767,15.5833
2/23/2023,15.7967,15.8133,15.5767,15.7567
2/22/2023,15.7133,15.7702,15.62,15.6767
2/21/2023,15.8667,15.8924,15.672,15.6867
2/17/2023,15.9833,16.03,15.8967,16.0167
2/16/2023,16.1,16.25,16.0567,16.07
2/15/2023,16.13,16.2867,16.1,16.2867
2/14/2023,16.1467,16.2969,16.04,16.21
2/13/2023,16.0433,16.2033,16.0133,16.2
2/10/2023,15.9367,16.02,15.8933,16.01
2/9/2023,16.2833,16.29,15.94,15.99
2/8/2023,16.2467,16.2967,16.11,16.1433
2/7/2023,16.09,16.365,16.0167,16.32
2/6/2023,16.13,16.1743,16.053,16.12
2/3/2023,16.2323,16.4152,16.1767,16.2333
2/2/2023,16.3233,16.4733,16.2567,16.41
2/1/2023,15.9333,16.27,15.82,16.1567
1/31/2023,15.7433,15.9667,15.7333,15.9633
1/30/2023,15.8233,15.9,15.7083,15.72
1/27/2023,15.8333,16.0134,15.8312,15.93
1/26/2023,15.8067,15.8733,15.6867,15.8667
1/25/2023,15.5167,15.7117,15.4277,15.6967
1/24/2023,15.65,15.73,15.6033,15.6933
1/23/2023,15.55,15.7895,15.5233,15.72
1/20/2023,15.2933,15.5244,15.22,15.5233
1/19/2023,15.2567,15.3207,15.1703,15.2267
1/18/2023,15.65,15.7,15.3467,15.3533
1/17/2023,15.61,15.6833,15.5667,15.6
1/13/2023,15.4167,15.64,15.4167,15.62
1/12/2023,15.5133,15.6,15.3533,15.5567
1/11/2023,15.33,15.48,15.3167,15.48
1/10/2023,15.13,15.2797,15.0967,15.2767
1/9/2023,15.2367,15.375,15.1498,15.15
1/6/2023,14.93,15.1967,14.8167,15.15
1/5/2023,14.9033,14.9433,14.7917,14.8233
1/4/2023,14.9467,15.0667,14.8467,14.9967
1/3/2023,15.0167,15.0967,14.7533,14.8667
12/30/2022,14.8467,14.9367,14.7767,14.9367
12/29/2022,14.79,15.0,14.7837,14.97
12/28/2022,14.8833,14.9467,14.6833,14.6967
12/27/2022,14.94,14.9533,14.8166,14.8833
12/23/2022,14.83,14.9467,14.7567,14.9467
12/22/2022,14.9433,14.97,14.63,14.86
12/21/2022,14.9467,15.1217,14.93,15.08
12/20/2022,14.78,14.9167,14.74,14.8433
12/19/2022,14.98,14.99,14.7617,14.8233
12/16/2022,15.05,15.09,14.875,14.9767
12/15/2022,15.3267,15.3586,15.0833,15.1367
12/14/2022,15.6,15.7567,15.41,15.5367
12/13/2022,15.9167,15.9549,15.5133,15.6233
12/12/2022,15.32,15.5067,15.2833,15.5067
12/9/2022,15.3567,15.4467,15.2767,15.2867
12/8/2022,15.36,15.4567,15.2973,15.3967
12/7/2022,15.2733,15.38,15.2333,15.2733
12/6/2022,15.6067,15.6167,15.2867,15.3833
12/5/2022,15.8133,15.8333,15.555,15.6133
12/2/2022,15.73,15.9583,15.73,15.9233
12/1/2022,15.98,16.03,15.8333,15.9367
11/30/2022,15.47,15.93,15.38,15.9267
11/29/2022,15.4833,15.5333,15.3883,15.46
11/28/2022,15.6133,15.6733,15.44,15.4767
11/25/2022,15.7067,15.7533,15.6967,15.7367
11/23/2022,15.6133,15.7483,15.6067,15.72
11/22/2022,15.4833,15.6333,15.4367,15.6233
11/21/2022,15.4167,15.47,15.35,15.4167
11/18/2022,15.5567,15.5628,15.3717,15.4933
11/17/2022,15.2867,15.445,15.255,15.4233
11/16/2022,15.55,15.5867,15.4567,15.48
11/15/2022,15.7333,15.78,15.4867,15.64
11/14/2022,15.5467,15.6837,15.4767,15.4867
11/11/2022,15.49,15.6667,15.4367,15.6133
11/10/2022,15.16,15.475,15.1133,15.4667
11/9/2022,14.8467,14.9,14.6079,14.6267
11/8/2022,14.92,15.08,14.7797,14.9533
11/7/2022,14.8,14.8967,14.7067,14.8767
11/4/2022,14.7733,14.8467,14.4933,14.7333
11/3/2022,14.5433,14.6733,14.4432,14.5533
11/2/2022,15.07,15.2367,14.6933,14.6967
11/1/2022,15.2867,15.3083,15.0454,15.0933
10/31/2022,15.1433,15.2233,15.0967,15.1333
10/28/2022,14.88,15.2518,14.8767,15.2367
10/27/2022,15.0,15.0933,14.87,14.8933
10/26/2022,14.9267,15.1867,14.9267,14.9667
10/25/2022,14.7967,15.07,14.7867,15.0533
10/24/2022,14.6967,14.835,14.5637,14.7933
10/21/2022,14.2767,14.652,14.2267,14.6333
10/20/2022,14.3933,14.5867,14.2622,14.3
10/19/2022,14.45,14.5627,14.3033,14.4167
10/18/2022,14.68,14.72,14.4133,14.5533
10/17/2022,14.2433,14.4167,14.2433,14.3733
10/14/2022,14.4433,14.51,13.9733,14.0
10/13/2022,13.7,14.4,13.64,14.3367
10/12/2022,14.04,14.0967,13.9667,13.98
10/11/2022,14.0433,14.2333,13.9283,14.0267
10/10/2022,14.2733,14.2767,14.0233,14.1167
10/7/2022,14.4767,14.49,14.1583,14.23
10/6/2022,14.74,14.8667,14.63,14.6533
10/5/2022,14.6567,14.8767,14.5433,14.7967
10/4/2022,14.5933,14.8283,14.5933,14.82
10/3/2022,14.15,14.4333,14.0643,14.3633
9/30/2022,14.16,14.33,13.9867,13.9967
9/29/2022,14.35,14.355,14.0667,14.19
9/28/2022,14.23,14.5667,14.18,14.4867
9/27/2022,14.3767,14.4633,14.0967,14.2
9/26/2022,14.3067,14.47,14.17,14.2233
9/23/2022,14.4867,14.4867,14.1867,14.37
9/22/2022,14.77,14.7978,14.6067,14.6333
9/21/2022,15.1267,15.26,14.7933,14.7967
9/20/2022,15.1767,15.1933,15.0033,15.1133
9/19/2022,15.0533,15.3033,15.04,15.3033
9/16/2022,15.1733,15.2033,15.0467,15.19
9/15/2022,15.4267,15.55,15.2683,15.3267
9/14/2022,15.48,15.54,15.35,15.4833
9/13/2022,15.7667,15.8,15.3867,15.4267
9/12/2022,16.0433,16.15,16.02,16.1167
9/9/2022,15.7833,15.9833,15.7833,15.94
9/8/2022,15.4867,15.6967,15.43,15.6967
9/7/2022,15.28,15.6026,15.2727,15.5767
9/6/2022,15.4033,15.4267,15.1933,15.2867
9/2/2022,15.6733,15.715,15.2833,15.36
9/1/2022,15.4033,15.52,15.26,15.5133
8/31/2022,15.6933,15.7317,15.49,15.49
8/30/2022,15.8467,15.86,15.5267,15.6167
8/29/2022,15.7767,15.92,15.7367,15.7833
8/26/2022,16.46,16.4667,15.9,15.9033
8/25/2022,16.2867,16.46,16.25,16.46
8/24/2022,16.1433,16.2733,16.1167,16.21
8/23/2022,16.1767,16.28,16.1317,16.1533
8/22/2022,16.3267,16.3367,16.1439,16.1933
8/19/2022,16.6633,16.6633,16.4933,16.5367
8/18/2022,16.74,16.8066,16.6803,16.78
8/17/2022,16.7233,16.84,16.64,16.7333
8/16/2022,16.8033,16.95,16.7517,16.8767
8/15/2022,16.6833,16.86,16.67,16.8367
8/12/2022,16.5833,16.7767,16.54,16.7733
8/11/2022,16.6067,16.7,16.4634,16.4967
8/10/2022,16.41,16.4985,16.3533,16.4933
8/9/2022,16.1767,16.1933,16.0767,16.13
8/8/2022,16.2767,16.4,16.1733,16.2233
8/5/2022,16.0533,16.2367,16.0333,16.2167
8/4/2022,16.22,16.2567,16.151,16.2267
8/3/2022,16.0833,16.28,16.0667,16.23
8/2/2022,16.0,16.1692,15.9233,15.9767
8/1/2022,16.0033,16.17,15.9567,16.0733
7/29/2022,15.9467,16.145,15.9067,16.11
7/28/2022,15.6967,15.9067,15.57,15.89
7/27/2022,15.4167,15.7565,15.4133,15.6867
7/26/2022,15.4133,15.4133,15.2517,15.2867
7/25/2022,15.4767,15.5083,15.3833,15.47
7/22/2022,15.6233,15.6733,15.3653,15.4633
7/21/2022,15.4333,15.6233,15.3367,15.6233
7/20/2022,15.3367,15.5199,15.3033,15.4733
7/19/2022,15.0967,15.36,15.0733,15.3433
7/18/2022,15.16,15.21,14.8833,14.9233
7/15/2022,14.9167,15.04,14.8367,15.0333
7/14/2022,14.6333,14.7733,14.4917,14.7567
7/13/2022,14.6667,14.92,14.6367,14.8133
7/12/2022,14.99,15.0895,14.81,14.8833
7/11/2022,15.09,15.1217,14.9781,15.0133
7/8/2022,15.15,15.28,15.08,15.2033
7/7/2022,15.0467,15.2433,15.0433,15.2067
7/6/2022,14.93,15.0667,14.8272,14.9733
7/5/2022,14.71,14.9433,14.56,14.9433
7/1/2022,14.7,14.91,14.6,14.8867
6/30/2022,14.6867,14.8667,14.5433,14.73
6/29/2022,14.9,14.9366,14.7833,14.86
6/28/2022,15.2533,15.3767,14.89,14.8967
6/27/2022,15.3,15.31,15.1467,15.2067
6/24/2022,14.8967,15.2467,14.8967,15.2433
6/23/2022,14.69,14.805,14.5667,14.7733
6/22/2022,14.4667,14.783,14.4471,14.62
6/21/2022,14.5767,14.7733,14.5767,14.6933
6/17/2022,14.32,14.4833,14.2067,14.36
6/16/2022,14.49,14.5033,14.2017,14.31
6/15/2022,14.7333,15.0133,14.5533,14.8267
6/14/2022,14.73,14.7667,14.4783,14.61
6/13/2022,14.88,14.94,14.59,14.65
6/10/2022,15.5033,15.5033,15.2633,15.2733
6/9/2022,16.05,16.1217,15.7367,15.7367
6/8/2022,16.2467,16.3067,16.0883,16.1233
6/7/2022,16.0033,16.32,15.9733,16.2967
6/6/2022,16.2467,16.315,16.0917,16.1333
6/3/2022,16.16,16.2217,16.04,16.0833
6/2/2022,16.0067,16.35,15.9433,16.3433
6/1/2022,16.2233,16.2772,15.9,16.02
5/31/2022,16.1967,16.28,16.03,16.14
5/27/2022,15.9667,16.26,15.9533,16.26
5/26/2022,15.5867,15.9267,15.5833,15.86
5/25/2022,15.3133,15.6167,15.2967,15.5367
5/24/2022,15.36,15.4167,15.1067,15.3833
5/23/2022,15.3767,15.56,15.2733,15.5167
5/20/2022,15.4,15.4267,14.8983,15.2567
5/19/2022,15.1967,15.44,15.1517,15.2633
5/18/2022,15.78,15.7833,15.2733,15.3233
5/17/2022,15.8567,15.96,15.72,15.95
5/16/2022,15.6533,15.77,15.5433,15.6167
5/13/2022,15.47,15.7653,15.45,15.7033
5/12/2022,15.17,15.44,15.0167,15.3067
5/11/2022,15.5033,15.7567,15.2517,15.28
5/10/2022,15.7767,15.84,15.3633,15.5467
5/9/2022,15.8567,15.8833,15.46,15.5233
5/6/2022,16.1333,16.2367,15.8667,16.0933
5/5/2022,16.6733,16.6733,16.0473,16.2133
5/4/2022,16.37,16.86,16.2233,16.8433
5/3/2022,16.2867,16.4467,16.2333,16.36
5/2/2022,16.1767,16.3333,15.9067,16.2867
4/29/2022,16.6333,16.7367,16.1433,16.1633
4/28/2022,16.5767,16.8467,16.3533,16.78
4/27/2022,16.3733,16.5867,16.2833,16.3667
4/26/2022,16.74,16.7567,16.3433,16.35
4/25/2022,16.64,16.8467,16.4667,16.8433
4/22/2022,17.16,17.16,16.7167,16.7333
4/21/2022,17.63,17.6967,17.1567,17.1933
4/20/2022,17.5733,17.6166,17.4467,17.4867
4/19/2022,17.1967,17.535,17.1967,17.5033
4/18/2022,17.1933,17.28,17.1133,17.2067
4/14/2022,17.4533,17.5016,17.2217,17.2333
4/13/2022,17.2167,17.47,17.2067,17.4467
4/12/2022,17.4133,17.5167,17.1567,17.2233
4/11/2022,17.41,17.4533,17.2533,17.27
4/8/2022,17.5833,17.6745,17.4833,17.55
4/7/2022,17.5133,17.68,17.385,17.6033
4/6/2022,17.58,17.6333,17.4133,17.5433
4/5/2022,17.95,18.0227,17.6967,17.74
4/4/2022,17.8667,18.0,17.8367,17.9933
4/1/2022,17.85,17.8661,17.7,17.8533
3/31/2022,18.0367,18.0633,17.7767,17.7967
3/30/2022,18.1467,18.1767,17.9667,18.06
3/29/2022,18.0767,18.225,18.0033,18.2033
3/28/2022,17.7933,17.9367,17.6933,17.9367
3/25/2022,17.7733,17.8233,17.64,17.8133
3/24/2022,17.58,17.7433,17.52,17.74
3/23/2022,17.6267,17.6867,17.49,17.49
3/22/2022,17.6233,17.8067,17.6167,17.7733
3/21/2022,17.5633,17.6533,17.4133,17.5633
3/18/2022,17.3233,17.5966,17.2924,17.5833
3/17/2022,17.06,17.3733,17.0367,17.3667
3/16/2022,16.8767,17.1433,16.7067,17.1367
3/15/2022,16.47,16.7567,16.4333,16.7333
3/14/2022,16.5667,16.6834,16.3333,16.3833
3/11/2022,16.8567,16.8963,16.5267,16.5333
3/10/2022,16.6667,16.8067,16.5671,16.7783
3/9/2022,16.7333,16.9267,16.67,16.8483
3/8/2022,16.4833,16.81,16.3333,16.39
3/7/2022,16.9833,16.9958,16.4833,16.4917
3/4/2022,17.0467,17.0648,16.8434,17.0117
3/3/2022,17.405,17.4083,17.1083,17.185
3/2/2022,17.0917,17.3733,17.0467,17.3117
3/1/2022,17.1967,17.2867,16.8817,16.9967
2/28/2022,17.085,17.33,17.0383,17.26
2/25/2022,16.9583,17.2833,16.8733,17.2817
2/24/2022,16.165,16.92,16.1483,16.9067
2/23/2022,17.02,17.0689,16.59,16.6167
2/22/2022,17.0167,17.1733,16.785,16.9317
2/18/2022,17.2583,17.32,17.0333,17.1217
2/17/2022,17.525,17.5283,17.2283,17.255
2/16/2022,17.56,17.705,17.4683,17.655
2/15/2022,17.5067,17.6473,17.5067,17.6383
2/14/2022,17.3667,17.44,17.1917,17.3317
2/11/2022,17.7417,17.825,17.325,17.395
2/10/2022,17.815,18.0882,17.65,17.7417
2/9/2022,17.925,18.0517,17.9183,18.0433
2/8/2022,17.5833,17.795,17.5183,17.7617
2/7/2022,17.6833,17.7433,17.5434,17.5983
2/4/2022,17.5267,17.79,17.4283,17.645
2/3/2022,17.6883,17.788,17.49,17.5267
2/2/2022,17.94,17.985,17.7958,17.955
2/1/2022,17.7383,17.8617,17.5814,17.8483
1/31/2022,17.305,17.7117,17.265,17.6917
1/28/2022,16.9567,17.335,16.7733,17.335
1/27/2022,17.2117,17.3483,16.845,16.9133
1/26/2022,17.3633,17.4883,16.8583,17.0367
1/25/2022,17.0883,17.3217,16.8282,17.105
1/24/2022,16.975,17.3616,16.55,17.35
1/21/2022,17.5083,17.64,17.2333,17.245
1/20/2022,17.8767,18.09,17.565,17.5883
1/19/2022,18.05,18.1083,17.7833,17.7967
1/18/2022,18.1417,18.1417,17.9417,17.9817
1/14/2022,18.285,18.3467,18.1333,18.3417
1/13/2022,18.6517,18.6747,18.2983,18.3367
1/12/2022,18.65,18.71,18.5217,18.605
1/11/2022,18.39,18.5783,18.2683,18.5783
1/10/2022,18.295,18.4,18.0235,18.395
1/7/2022,18.5083,18.5729,18.3633,18.42
1/6/2022,18.5017,18.63,18.3786,18.5067
1/5/2022,18.9017,18.9267,18.5,18.5117
1/4/2022,19.0083,19.0317,18.8283,18.9233
1/3/2022,18.905,18.9483,18.79,18.9483
12/31/2021,18.8817,18.9225,18.8334,18.835
12/30/2021,18.9417,19.0067,18.8767,18.8933
12/29/2021,18.9233,18.9683,18.8583,18.935
12/28/2021,18.965,19.0166,18.8894,18.9183
12/27/2021,18.7517,18.9517,18.749,18.9517
12/23/2021,18.6283,18.7617,18.6183,18.705
12/22/2021,18.385,18.585,18.385,18.585
12/21/2021,18.1933,18.4117,18.1317,18.4067
12/20/2021,18.05,18.0633,17.8851,18.05
12/17/2021,18.28,18.4317,18.1433,18.265
12/16/2021,18.6817,18.6817,18.32,18.4
12/15/2021,18.315,18.6017,18.1825,18.5967
12/14/2021,18.2883,18.4027,18.195,18.315
12/13/2021,18.6017,18.6083,18.4334,18.45
12/10/2021,18.6083,18.64,18.4683,18.6217
12/9/2021,18.6117,18.6399,18.48,18.4883
12/8/2021,18.6217,18.6817,18.5483,18.6667
12/7/2021,18.505,18.7015,18.505,18.6617
12/6/2021,18.1383,18.3467,18.0167,18.2633
12/3/2021,18.3133,18.3386,17.8683,18.05
12/2/2021,17.965,18.3117,17.9567,18.2417
12/1/2021,18.43,18.5504,17.9383,17.9467
11/30/2021,18.4917,18.5433,18.19,18.2167
11/29/2021,18.585,18.6633,18.4544,18.5767
11/26/2021,18.5167,18.5702,18.325,18.3983
11/24/2021,18.6767,18.8108,18.615,18.81
11/23/2021,18.725,18.8017,18.58,18.7533
11/22/2021,18.8983,18.9974,18.74,18.7467
11/19/2021,18.8867,18.9217,18.82,18.8383
11/18/2021,18.895,18.9008,18.7533,18.885
11/17/2021,18.915,18.915,18.825,18.8533
11/16/2021,18.8417,18.9683,18.833,18.9283
11/15/2021,18.8983,18.9167,18.8017,18.845
11/12/2021,18.7767,18.8667,18.7267,18.85
11/11/2021,18.765,18.765,18.705,18.7117
11/10/2021,18.7883,18.8633,18.6133,18.6833
11/9/2021,18.94,18.9543,18.8083,18.875
11/8/2021,18.955,18.9719,18.9033,18.9317
11/5/2021,18.9133,18.9833,18.8293,18.8983
11/4/2021,18.785,18.8507,18.755,18.8233
11/3/2021,18.6067,18.7667,18.5833,18.755
11/2/2021,18.5733,18.6267,18.5542,18.6217
11/1/2021,18.54,18.565,18.4583,18.565
10/29/2021,18.36,18.49,18.36,18.4833
10/28/2021,18.305,18.4483,18.305,18.4483
10/27/2021,18.3867,18.4067,18.2467,18.25
10/26/2021,18.4433,18.4933,18.3583,18.38
10/25/2021,18.325,18.395,18.2483,18.3767
10/22/2021,18.2833,18.345,18.1883,18.28
10/21/2021,18.2333,18.3117,18.2133,18.31
10/20/2021,18.205,18.2641,18.1917,18.2517
10/19/2021,18.1233,18.1833,18.09,18.1783
10/18/2021,17.9217,18.0567,17.8917,18.0533
10/15/2021,17.98,18.0167,17.9464,17.99
10/14/2021,17.7483,17.881,17.7333,17.88
10/13/2021,17.55,17.6117,17.4317,17.5883
10/12/2021,17.5617,17.59,17.4683,17.5083
10/11/2021,17.6283,17.7371,17.5167,17.5183
10/8/2021,17.73,17.735,17.6233,17.6417
10/7/2021,17.6583,17.8,17.6567,17.6917
10/6/2021,17.3017,17.525,17.225,17.5217
10/5/2021,17.3433,17.5383,17.31,17.45
10/4/2021,17.4617,17.4908,17.1933,17.2883
10/1/2021,17.39,17.5883,17.2292,17.52
9/30/2021,17.56,17.5958,17.3033,17.31
9/29/2021,17.5533,17.615,17.4867,17.4983
9/28/2021,17.7383,17.7541,17.4683,17.4917
9/27/2021,17.8667,17.9218,17.8271,17.8683
9/24/2021,17.8167,17.9298,17.81,17.9033
9/23/2021,17.755,17.95,17.7417,17.8867
9/22/2021,17.5783,17.7567,17.5533,17.6683
9/21/2021,17.6417,17.7,17.5048,17.5467
9/20/2021,17.5817,17.6465,17.3317,17.5483
9/17/2021,17.9767,18.0,17.8283,17.86
9/16/2021,18.0083,18.0536,17.8834,18.0083
9/15/2021,17.8917,18.0417,17.84,18.0267
9/14/2021,18.0283,18.0433,17.8317,17.8667
9/13/2021,18.06,18.065,17.8867,17.975
9/10/2021,18.155,18.1867,17.9326,17.9433
9/9/2021,18.1283,18.2217,18.077,18.085
9/8/2021,18.17,18.19,18.0667,18.145
9/7/2021,18.2583,18.2608,18.1717,18.1933
9/3/2021,18.24,18.29,18.2233,18.2717
9/2/2021,18.2767,18.3017,18.2264,18.275
9/1/2021,18.24,18.2676,18.1981,18.215
8/31/2021,18.215,18.2233,18.1664,18.1917
8/30/2021,18.1883,18.2542,18.1604,18.215
8/27/2021,18.0,18.1716,18.0,18.1567
8/26/2021,18.0717,18.08,17.9574,17.9667
8/25/2021,18.0467,18.1008,18.0217,18.0817
8/24/2021,18.0083,18.0517,17.9983,18.0267
8/23/2021,17.8717,18.0033,17.8717,17.975
8/20/2021,17.6633,17.8067,17.6367,17.7983
8/19/2021,17.5183,17.6971,17.5017,17.6333
8/18/2021,17.7983,17.8487,17.6367,17.65
8/17/2021,17.845,17.8698,17.695,17.8333
8/16/2021,17.8917,17.97,17.81,17.97
8/13/2021,17.9617,17.9617,17.9225,17.9533
8/12/2021,17.8983,17.9417,17.8433,17.9383
8/11/2021,17.8833,17.8917,17.8217,17.8917
8/10/2021,17.8667,17.8833,17.823,17.8467
8/9/2021,17.8533,17.8617,17.7871,17.8367
8/6/2021,17.85,17.8817,17.8183,17.8533
8/5/2021,17.7517,17.83,17.7298,17.83
8/4/2021,17.735,17.76,17.6893,17.705
8/3/2021,17.7067,17.7883,17.5773,17.7883
8/2/2021,17.7783,17.7933,17.6433,17.6617
7/30/2021,17.675,17.7742,17.6642,17.69
7/29/2021,17.7633,17.8407,17.7633,17.7883
7/28/2021,17.7167,17.7667,17.6583,17.71
7/27/2021,17.7383,17.7383,17.55,17.685
7/26/2021,17.725,17.7783,17.7134,17.7783
7/23/2021,17.6417,17.75,17.6167,17.7417
7/22/2021,17.545,17.5757,17.4883,17.5583
7/21/2021,17.4533,17.5517,17.4525,17.5517
7/20/2021,17.155,17.4483,17.1167,17.395
7/19/2021,17.1417,17.1483,16.995,17.1067
7/16/2021,17.5567,17.5567,17.3383,17.3583
7/15/2021,17.5117,17.535,17.3967,17.495
7/14/2021,17.6417,17.6667,17.5093,17.5533
7/13/2021,17.6367,17.665,17.5583,17.5733
7/12/2021,17.6183,17.6729,17.5858,17.67
7/9/2021,17.4817,17.6225,17.475,17.615
7/8/2021,17.305,17.4449,17.2467,17.4067
7/7/2021,17.5567,17.5767,17.439,17.5533
7/6/2021,17.5833,17.5833,17.405,17.5267
7/2/2021,17.51,17.5783,17.4958,17.57
7/1/2021,17.4167,17.4717,17.3983,17.4717
6/30/2021,17.3567,17.4,17.3473,17.3783
6/29/2021,17.385,17.42,17.3501,17.37
6/28/2021,17.3817,17.395,17.2983,17.3717
6/25/2021,17.3283,17.3617,17.3017,17.345
6/24/2021,17.2533,17.2983,17.2533,17.275
6/23/2021,17.19,17.2233,17.165,17.17
6/22/2021,17.1283,17.2594,17.0957,17.2183
6/21/2021,16.97,17.1358,16.9252,17.1317
6/18/2021,16.9967,17.0099,16.8842,16.895
6/17/2021,17.095,17.155,16.9933,17.1083
6/16/2021,17.2183,17.2183,17.0275,17.13
6/15/2021,17.265,17.265,17.17,17.2183
6/14/2021,17.2433,17.2517,17.1801,17.2517
6/11/2021,17.215,17.2333,17.1633,17.2333
6/10/2021,17.1667,17.22,17.0901,17.1833
6/9/2021,17.1817,17.1817,17.1033,17.1117
6/8/2021,17.1583,17.1717,17.055,17.1483
6/7/2021,17.115,17.1267,17.08,17.1183
6/4/2021,17.0383,17.115,17.0383,17.105
6/3/2021,16.94,17.0,16.8532,16.9567
6/2/2021,17.045,17.0633,16.9992,17.0267
6/1/2021,17.115,17.115,16.985,17.0167
5/28/2021,17.0483,17.0569,17.0,17.0033
5/27/2021,17.005,17.0217,16.975,16.9817
5/26/2021,16.9233,16.9683,16.8867,16.955
5/25/2021,16.99,16.9983,16.865,16.8883
5/24/2021,16.865,16.9817,16.855,16.9367
5/21/2021,16.86,16.9017,16.7516,16.77
5/20/2021,16.63,16.82,16.63,16.77
5/19/2021,16.4283,16.595,16.3662,16.595
5/18/2021,16.79,16.8183,16.6383,16.6383
5/17/2021,16.7667,16.8,16.6779,16.775
5/14/2021,16.6583,16.8483,16.6583,16.8133
5/13/2021,16.4167,16.6108,16.4017,16.5333
5/12/2021,16.61,16.6583,16.3217,16.3517
5/11/2021,16.6667,16.7633,16.5367,16.7317
5/10/2021,17.0733,17.0806,16.85,16.8567
5/7/2021,16.96,17.0783,16.9358,17.0583
5/6/2021,16.8267,16.9167,16.695,16.9167
5/5/2021,16.9167,16.9167,16.7893,16.8217
5/4/2021,16.885,16.885,16.6717,16.84
5/3/2021,17.0383,17.0383,16.945,16.97
4/30/2021,16.9667,17.0067,16.8983,16.9367
4/29/2021,17.115,17.12,16.9167,17.0583
4/28/2021,16.9983,17.0433,16.97,16.995
4/27/2021,17.0217,17.0283,16.9483,16.995
4/26/2021,16.9767,17.021,16.9597,17.0033
4/23/2021,16.7683,16.9917,16.7683,16.935
4/22/2021,16.8783,16.93,16.6867,16.74
4/21/2021,16.665,16.8733,16.6458,16.8683
4/20/2021,16.79,16.8113,16.6112,16.6917
4/19/2021,16.8983,16.9167,16.77,16.8383
4/16/2021,16.955,16.9617,16.875,16.94
4/15/2021,16.8167,16.8983,16.8017,16.8933
4/14/2021,16.77,16.83,16.6917,16.7117
4/13/2021,16.7117,16.785,16.6892,16.7583
4/12/2021,16.6833,16.7133,16.6351,16.7067
4/9/2021,16.5933,16.7,16.575,16.6917
4/8/2021,16.5683,16.5917,16.51,16.5917
4/7/2021,16.5033,16.5342,16.4583,16.5
4/6/2021,16.5,16.5633,16.485,16.5117
4/5/2021,16.43,16.52,16.4273,16.5067
4/1/2021,16.2117,16.305,16.1967,16.305
3/31/2021,16.0633,16.1818,16.0567,16.1183
3/30/2021,15.9867,16.0467,15.9267,16.02
3/29/2021,16.0267,16.085,15.925,16.0317
3/26/2021,15.9067,16.1033,15.8433,16.095
3/25/2021,15.6383,15.8717,15.5585,15.84
3/24/2021,15.9367,15.99,15.7283,15.7283
3/23/2021,16.0433,16.08,15.87,15.9083
3/22/2021,16.0083,16.1458,16.0017,16.075
3/19/2021,15.9833,16.0583,15.865,15.985
3/18/2021,16.17,16.24,15.9617,15.975
3/17/2021,16.1483,16.3047,16.0817,16.2683
3/16/2021,16.2883,16.3011,16.1592,16.21
3/15/2021,16.1667,16.2733,16.08,16.2617
3/12/2021,16.0567,16.1577,16.0183,16.15
3/11/2021,16.0467,16.1867,16.02,16.1167
3/10/2021,15.9317,15.995,15.8632,15.9117
3/9/2021,15.735,15.92,15.725,15.81
3/8/2021,15.6733,15.8073,15.5558,15.5617
3/5/2021,15.51,15.6767,15.125,15.6417
3/4/2021,15.5883,15.6817,15.1583,15.3633
3/3/2021,15.825,15.8548,15.605,15.605
3/2/2021,16.0033,16.0067,15.8333,15.8367
3/1/2021,15.8233,16.0358,15.8229,15.9883
2/26/2021,15.72,15.7917,15.4667,15.5833
2/25/2021,16.0233,16.0782,15.5833,15.6417
2/24/2021,15.8583,16.0817,15.7983,16.0683
2/23/2021,15.7817,15.9401,15.5392,15.8917
2/22/2021,15.9267,16.0083,15.8828,15.89
2/19/2021,16.0767,16.122,16.0167,16.03
2/18/2021,15.9917,16.05,15.8883,16.0067
2/17/2021,16.0367,16.11,15.9717,16.1033
2/16/2021,16.19,16.225,16.089,16.12
2/12/2021,16.0467,16.1583,16.0355,16.1583
2/11/2021,16.1033,16.1214,15.9608,16.08
2/10/2021,16.1317,16.1417,15.9284,16.0367
2/9/2021,16.015,16.075,15.9921,16.0483
2/8/2021,15.9633,16.0385,15.9498,16.0367
2/5/2021,15.895,15.9124,15.8292,15.8917
2/4/2021,15.6733,15.8117,15.665,15.8117
2/3/2021,15.6533,15.6817,15.5517,15.6117
2/2/2021,15.5033,15.6583,15.5033,15.5917
2/1/2021,15.255,15.4077,15.1583,15.37
1/29/2021,15.3333,15.3767,15.03,15.1033
1/28/2021,15.3467,15.5629,15.3358,15.3983
1/27/2021,15.495,15.495,15.169,15.2633
1/26/2021,15.7383,15.7667,15.64,15.6417
1/25/2021,15.6833,15.7375,15.4667,15.6933
1/22/2021,15.6017,15.69,15.5865,15.6567
1/21/2021,15.7317,15.7317,15.6488,15.6867
1/20/2021,15.5917,15.7217,15.5592,15.6933
1/19/2021,15.4733,15.5102,15.4218,15.4967
1/15/2021,15.42,15.4548,15.2767,15.36
1/14/2021,15.55,15.59,15.4721,15.485
1/13/2021,15.4883,15.5567,15.4342,15.5083
1/12/2021,15.4667,15.5111,15.385,15.485
1/11/2021,15.3867,15.5167,15.3717,15.4483
1/8/2021,15.5167,15.5462,15.3595,15.5317
1/7/2021,15.3183,15.4842,15.3177,15.4483
1/6/2021,15.0083,15.3483,15.0083,15.205
1/5/2021,14.9333,15.1217,14.9333,15.0833
1/4/2021,15.235,15.235,14.7967,14.9617
12/31/2020,15.1083,15.19,15.0667,15.165
12/30/2020,15.11,15.155,15.0934,15.1083
12/29/2020,15.1883,15.2022,15.0383,15.0717
12/28/2020,15.165,15.1667,15.1127,15.12
12/24/2020,15.0367,15.05,14.9898,15.05
12/23/2020,15.035,15.0816,15.0017,15.0083
12/22/2020,15.005,15.0249,14.9309,14.9917
12/21/2020,14.8417,15.0117,14.7406,14.9817
12/18/2020,15.0933,15.0933,14.9242,15.005
12/17/2020,15.0217,15.0667,15.0036,15.0667
12/16/2020,14.945,14.9867,14.9017,14.9533
12/15/2020,14.8467,14.9383,14.78,14.9383
12/14/2020,14.8867,14.9233,14.7217,14.7283
12/11/2020,14.7167,14.785,14.6482,14.7683
12/10/2020,14.7033,14.8249,14.6633,14.8017
12/9/2020,15.0117,15.0242,14.78,14.835
12/8/2020,14.8683,15.0002,14.861,14.9717
12/7/2020,14.9217,14.935,14.8633,14.9217
12/4/2020,14.8183,14.9283,14.8129,14.9283
12/3/2020,14.7667,14.8391,14.7392,14.775
12/2/2020,14.68,14.7633,14.6475,14.7517
12/1/2020,14.7517,14.8,14.7113,14.7333
11/30/2020,14.645,14.6667,14.4667,14.5967
11/27/2020,14.6667,14.685,14.6367,14.675
11/25/2020,14.6167,14.635,14.5489,14.62
11/24/2020,14.525,14.6465,14.4733,14.6183
11/23/2020,14.375,14.4392,14.3004,14.405
11/20/2020,14.36,14.3683,14.2839,14.29
11/19/2020,14.2683,14.375,14.2183,14.36
11/18/2020,14.4517,14.485,14.28,14.28
11/17/2020,14.4033,14.4833,14.3259,14.4317
11/16/2020,14.4367,14.4733,14.3598,14.4733
11/13/2020,14.1833,14.3215,14.16,14.2917
11/12/2020,14.1967,14.2258,14.0233,14.0917
11/11/2020,14.2267,14.2583,14.165,14.2367
11/10/2020,14.105,14.1583,13.9667,14.12
11/9/2020,14.535,14.535,14.12,14.125
11/6/2020,13.985,14.0224,13.8917,13.9817
11/5/2020,13.9233,14.0417,13.9058,13.9867
11/4/2020,13.577,13.86,13.5383,13.7
11/3/2020,13.305,13.4833,13.275,13.4
11/2/2020,13.155,13.2367,13.03,13.1583
10/30/2020,13.09,13.1517,12.8667,13.01
10/29/2020,13.0467,13.2917,12.9833,13.1667
10/28/2020,13.2333,13.2696,13.0217,13.0383
10/27/2020,13.5533,13.56,13.4783,13.4867
10/26/2020,13.6483,13.68,13.3817,13.5317
10/23/2020,13.7933,13.7933,13.6817,13.7867
10/22/2020,13.675,13.765,13.5733,13.7417
10/21/2020,13.6967,13.7767,13.645,13.645
10/20/2020,13.7067,13.8314,13.6633,13.6867
10/19/2020,13.9067,13.9333,13.6161,13.6533
10/16/2020,13.9283,13.9832,13.8433,13.8433
10/15/2020,13.6933,13.8833,13.67,13.8683
10/14/2020,13.9767,14.03,13.845,13.8667
10/13/2020,14.025,14.025,13.9133,13.96
10/12/2020,13.9417,14.087,13.9133,14.0367
10/9/2020,13.7883,13.85,13.7605,13.8317
10/8/2020,13.6817,13.7133,13.6417,13.7133
10/7/2020,13.4817,13.6187,13.4817,13.5917
10/6/2020,13.5467,13.64,13.335,13.3583
10/5/2020,13.38,13.5283,13.38,13.525
10/2/2020,13.1467,13.3552,13.1267,13.2733
10/1/2020,13.3883,13.4236,13.3067,13.3933
9/30/2020,13.22,13.4033,13.1971,13.2733
9/29/2020,13.2483,13.2717,13.1533,13.185
9/28/2020,13.2,13.2747,13.17,13.2533
9/25/2020,12.7767,13.055,12.7517,13.0233
9/24/2020,12.725,12.94,12.649,12.8
9/23/2020,13.11,13.1305,12.7644,12.7783
9/22/2020,13.105,13.1983,13.0012,13.1767
9/21/2020,13.005,13.0583,12.8333,13.0583
9/18/2020,13.385,13.385,13.0898,13.2033
9/17/2020,13.2533,13.405,13.2267,13.345
9/16/2020,13.5567,13.6293,13.45,13.4633
9/15/2020,13.5433,13.5748,13.455,13.5033
9/14/2020,13.3717,13.4767,13.335,13.4283
9/11/2020,13.3033,13.335,13.0983,13.2217
9/10/2020,13.5283,13.565,13.1833,13.2267
9/9/2020,13.35,13.5367,13.32,13.4383
9/8/2020,13.3233,13.3767,13.17,13.1817
9/4/2020,13.7083,13.7791,13.245,13.5617
9/3/2020,14.1,14.1017,13.575,13.6767
9/2/2020,14.065,14.2067,14.0,14.1717
9/1/2020,13.8917,13.9967,13.8576,13.9967
8/31/2020,13.8933,13.94,13.8483,13.8783
8/28/2020,13.875,13.9033,13.8117,13.9033
8/27/2020,13.8067,13.8733,13.7362,13.8133
8/26/2020,13.6717,13.7857,13.6533,13.7733
8/25/2020,13.6383,13.65,13.5717,13.65
8/24/2020,13.5817,13.6083,13.5317,13.6083
8/21/2020,13.4233,13.48,13.4133,13.4733
8/20/2020,13.315,13.4567,13.3123,13.44
8/19/2020,13.475,13.4933,13.375,13.395
8/18/2020,13.4483,13.4767,13.3805,13.45
8/17/2020,13.4167,13.4467,13.4084,13.4383
8/14/2020,13.36,13.404,13.3333,13.385
8/13/2020,13.3683,13.44,13.345,13.3783
8/12/2020,13.3333,13.4233,13.3317,13.3917
8/11/2020,13.3833,13.4083,13.1892,13.2217
8/10/2020,13.3083,13.3333,13.2333,13.3267
8/7/2020,13.2333,13.2933,13.1917,13.2833
8/6/2020,13.1867,13.2813,13.1633,13.2717
8/5/2020,13.1667,13.2117,13.1617,13.2
8/4/2020,13.0333,13.1117,13.0267,13.1117
8/3/2020,13.02,13.0858,12.9983,13.0517
7/31/2020,12.9517,12.9633,12.7483,12.9467
7/30/2020,12.7917,12.895,12.7033,12.8733
7/29/2020,12.7917,12.94,12.7917,12.915
7/28/2020,12.805,12.8468,12.7345,12.7483
7/27/2020,12.7583,12.8383,12.7277,12.83
7/24/2020,12.735,12.7817,12.665,12.73
7/23/2020,12.9517,12.9983,12.7567,12.82
7/22/2020,12.875,12.98,12.8735,12.9633
7/21/2020,12.955,12.975,12.8583,12.8983
7/20/2020,12.7517,12.89,12.7217,12.86
7/17/2020,12.7617,12.7933,12.6833,12.7667
7/16/2020,12.6833,12.7367,12.65,12.7217
7/15/2020,12.7733,12.7984,12.65,12.77
7/14/2020,12.3883,12.6283,12.3417,12.6117
7/13/2020,12.675,12.79,12.43,12.445
7/10/2020,12.445,12.59,12.3883,12.585
7/9/2020,12.5617,12.5633,12.2983,12.4533
7/8/2020,12.4583,12.535,12.3867,12.5217
7/7/2020,12.495,12.58,12.4133,12.42
7/6/2020,12.5483,12.5833,12.5033,12.5533
7/2/2020,12.4717,12.5183,12.3433,12.3667
7/1/2020,12.27,12.3567,12.2467,12.31
6/30/2020,12.0533,12.295,12.0417,12.245
6/29/2020,11.9483,12.07,11.8383,12.07
6/26/2020,12.1183,12.1333,11.865,11.8767
6/25/2020,11.9983,12.1775,11.9217,12.1633
6/24/2020,12.275,12.29,11.945,12.0367
6/23/2020,12.4833,12.505,12.395,12.4133
6/22/2020,12.2483,12.3741,12.1983,12.3583
6/19/2020,12.505,12.505,12.2183,12.2833
6/18/2020,12.2683,12.375,12.2533,12.3433
6/17/2020,12.4333,12.45,12.315,12.3417
6/16/2020,12.52,12.52,12.1983,12.4033
6/15/2020,11.765,12.2108,11.7283,12.16
6/12/2020,12.1933,12.2333,11.7967,12.0383
6/11/2020,12.27,12.3267,11.8533,11.8733
6/10/2020,12.74,12.7658,12.59,12.63
6/9/2020,12.7167,12.7833,12.6583,12.7217
6/8/2020,12.7233,12.8367,12.6919,12.8317
6/5/2020,12.6133,12.75,12.565,12.6633
6/4/2020,12.3333,12.4039,12.2489,12.3333
6/3/2020,12.2833,12.4117,12.28,12.38
6/2/2020,12.1333,12.1917,12.0733,12.19
6/1/2020,12.0133,12.1233,11.9858,12.0883
5/29/2020,11.94,12.045,11.84,12.025
5/28/2020,12.065,12.1333,11.9417,11.9667
5/27/2020,11.9633,12.0183,11.7325,12.0183
5/26/2020,11.9333,11.9355,11.8117,11.8233
5/22/2020,11.6317,11.6683,11.5684,11.6617
5/21/2020,11.7,11.735,11.5733,11.625
5/20/2020,11.66,11.74,11.6461,11.7067
5/19/2020,11.5983,11.6717,11.4917,11.4917
5/18/2020,11.5267,11.6767,11.525,11.615
5/15/2020,11.0817,11.2433,11.04,11.2383
5/14/2020,10.93,11.1833,10.8217,11.1767
5/13/2020,11.2433,11.2817,10.9467,11.05
5/12/2020,11.5733,11.5933,11.2733,11.2767
5/11/2020,11.4333,11.5883,11.42,11.52
5/8/2020,11.435,11.54,11.4067,11.5233
5/7/2020,11.3133,11.395,11.2883,11.3117
5/6/2020,11.3033,11.3288,11.1633,11.1633
5/5/2020,11.2683,11.3625,11.2167,11.24
5/4/2020,11.0033,11.14,10.945,11.1333
5/1/2020,11.1867,11.2235,11.0367,11.0867
4/30/2020,11.475,11.4936,11.3508,11.4133
4/29/2020,11.465,11.6133,11.4233,11.5533
4/28/2020,11.43,11.4516,11.2117,11.225
4/27/2020,11.165,11.3067,11.1433,11.2683
4/24/2020,10.9933,11.0967,10.89,11.07
4/23/2020,10.95,11.1,10.8983,10.9183
4/22/2020,10.875,10.9667,10.8181,10.8983
4/21/2020,10.7983,10.8667,10.6267,10.665
4/20/2020,11.0233,11.1883,10.9867,11.0117
4/17/2020,11.1383,11.215,11.0302,11.1983
4/16/2020,10.8867,10.9133,10.7467,10.8867
4/15/2020,10.8483,10.91,10.75,10.8367
4/14/2020,10.985,11.1265,10.9467,11.1017
4/13/2020,10.8567,10.8642,10.6117,10.7667
4/9/2020,10.86,11.01,10.7817,10.9
4/8/2020,10.46,10.7483,10.3617,10.6917
4/7/2020,10.6867,10.7267,10.2833,10.3283
4/6/2020,10.0483,10.3877,10.0,10.3217
4/3/2020,9.7667,9.8567,9.5367,9.655
4/2/2020,9.57,9.86,9.5517,9.81
4/1/2020,9.72,9.8233,9.5217,9.6117
3/31/2020,10.195,10.2967,10.019,10.0717
3/30/2020,9.995,10.2567,9.9117,10.23
3/27/2020,9.9283,10.2083,9.82,9.9283
3/26/2020,9.78,10.2933,9.7675,10.235
3/25/2020,9.6433,10.0442,9.3917,9.6583
3/24/2020,9.2083,9.5967,9.195,9.5783
3/23/2020,8.9133,8.9967,8.5633,8.725
3/20/2020,9.5017,9.6043,8.9652,8.9667
3/19/2020,9.2083,9.6083,8.965,9.405
3/18/2020,9.2633,9.5597,8.835,9.315
3/17/2020,9.5333,9.9617,9.23,9.88
3/16/2020,9.495,10.0283,9.3333,9.3617
3/13/2020,10.3067,10.6483,9.7756,10.6367
3/12/2020,10.0533,10.4433,9.735,9.745
3/11/2020,11.08,11.125,10.6683,10.8083
3/10/2020,11.24,11.3833,10.7967,11.3833
3/9/2020,10.945,11.24,10.8125,10.8583
3/6/2020,11.6317,11.8433,11.5167,11.79
3/5/2020,12.12,12.2383,11.905,12.0017
3/4/2020,12.1733,12.4283,12.0567,12.4283
3/3/2020,12.305,12.4604,11.8267,11.9417
3/2/2020,11.85,12.28,11.71,12.28
2/28/2020,11.4983,11.7827,11.3742,11.7633
2/27/2020,12.15,12.3267,11.8517,11.8533
2/26/2020,12.5233,12.6683,12.3683,12.3967
2/25/2020,12.9233,12.9408,12.4267,12.47
2/24/2020,12.865,12.9833,12.8067,12.8617
2/21/2020,13.3783,13.3867,13.26,13.2967
2/20/2020,13.46,13.4967,13.2983,13.43
2/19/2020,13.4567,13.5067,13.4483,13.48
2/18/2020,13.4017,13.4275,13.3483,13.405
2/14/2020,13.4383,13.4467,13.3883,13.4433
2/13/2020,13.3633,13.4567,13.3517,13.42
2/12/2020,13.4067,13.43,13.3833,13.4217
2/11/2020,13.365,13.405,13.3167,13.3417
2/10/2020,13.1767,13.3033,13.175,13.3017
2/7/2020,13.245,13.2617,13.1833,13.2117
2/6/2020,13.2933,13.2947,13.2483,13.28
2/5/2020,13.24,13.2582,13.1683,13.25
2/4/2020,13.0717,13.1525,13.06,13.11
2/3/2020,12.865,12.983,12.8567,12.915
1/31/2020,13.0117,13.0183,12.765,12.8017
1/30/2020,12.91,13.045,12.88,13.035
1/29/2020,13.0717,13.075,12.9901,12.995
1/28/2020,12.9483,13.0475,12.9244,13.01
1/27/2020,12.8617,12.9417,12.835,12.8833
1/24/2020,13.24,13.24,13.0233,13.0783
1/23/2020,13.1617,13.2128,13.1067,13.2017
1/22/2020,13.2267,13.2559,13.1833,13.1933
1/21/2020,13.175,13.22,13.1683,13.1883
1/17/2020,13.22,13.2217,13.185,13.2133
1/16/2020,13.1333,13.1867,13.125,13.1867
1/15/2020,13.035,13.1083,13.0317,13.0667
1/14/2020,13.0333,13.0883,13.015,13.0433
1/13/2020,12.99,13.0533,12.965,13.0533
1/10/2020,13.025,13.025,12.9383,12.955
1/9/2020,12.9867,12.9983,12.9533,12.995
1/8/2020,12.86,12.9667,12.85,12.9083
1/7/2020,12.8717,12.8811,12.8283,12.8517
1/6/2020,12.76,12.8867,12.7505,12.8867
1/3/2020,12.7933,12.8833,12.7717,12.8367
1/2/2020,12.8883,12.9233,12.8333,12.9233
12/31/2019,12.7583,12.8258,12.745,12.8133
12/30/2019,12.86,12.8667,12.7602,12.7817
12/27/2019,12.895,12.895,12.8317,12.8567
12/26/2019,12.8233,12.8583,12.8167,12.8583
12/24/2019,12.8083,12.81,12.7852,12.8
12/23/2019,12.8117,12.8143,12.7917,12.7933
12/20/2019,12.77,12.8033,12.7667,12.785
12/19/2019,12.6833,12.725,12.6767,12.725
12/18/2019,12.6867,12.6908,12.6633,12.6717
12/17/2019,12.6833,12.685,12.6567,12.6683
12/16/2019,12.6467,12.6892,12.64,12.6567
12/13/2019,12.5633,12.6267,12.5197,12.57
12/12/2019,12.4667,12.6021,12.4533,12.5633
12/11/2019,12.5283,12.55,12.5067,12.5367
12/10/2019,12.5233,12.5483,12.485,12.5133
12/9/2019,12.5533,12.5733,12.5183,12.5183
12/6/2019,12.5333,12.585,12.5333,12.565
12/5/2019,12.4583,12.4583,12.3979,12.4533
12/4/2019,12.4083,12.4583,12.3917,12.4283
12/3/2019,12.315,12.36,12.2617,12.3583
12/2/2019,12.5633,12.565,12.4203,12.435
11/29/2019,12.5783,12.585,12.5383,12.5467
11/27/2019,12.57,12.5983,12.5554,12.595
11/26/2019,12.52,12.5467,12.5017,12.54
11/25/2019,12.44,12.5117,12.44,12.5117
11/22/2019,12.4033,12.4083,12.3563,12.395
11/21/2019,12.4083,12.4083,12.3417,12.3683
11/20/2019,12.41,12.4425,12.3283,12.3983
11/19/2019,12.4667,12.4667,12.4065,12.4383
11/18/2019,12.41,12.4433,12.3983,12.435
11/15/2019,12.3933,12.43,12.3683,12.43
11/14/2019,12.3083,12.3407,12.2867,12.34
11/13/2019,12.2717,12.3381,12.2631,12.3183
11/12/2019,12.3167,12.36,12.2917,12.32
11/11/2019,12.2617,12.3033,12.25,12.295
11/8/2019,12.2717,12.3167,12.24,12.3133
11/7/2019,12.3067,12.335,12.2617,12.2833
11/6/2019,12.245,12.2517,12.2033,12.245
11/5/2019,12.2767,12.2874,12.235,12.2433
11/4/2019,12.2783,12.2863,12.2417,12.26
11/1/2019,12.1483,12.2117,12.1433,12.2117
10/31/2019,12.1317,12.1317,12.0283,12.0833
10/30/2019,12.1083,12.14,12.0433,12.1317
10/29/2019,12.085,12.135,12.0782,12.095
10/28/2019,12.0833,12.12,12.08,12.0983
10/25/2019,11.955,12.0533,11.9417,12.0333
10/24/2019,11.9917,12.0,11.9383,11.975
10/23/2019,11.91,11.9517,11.8967,11.9483
10/22/2019,11.9867,11.9917,11.9167,11.9233
10/21/2019,11.9367,11.965,11.92,11.9633
10/18/2019,11.9033,11.9285,11.8317,11.875
10/17/2019,11.94,11.9617,11.9,11.925
10/16/2019,11.8917,11.9158,11.865,11.89
10/15/2019,11.8383,11.9392,11.8317,11.9117
10/14/2019,11.7917,11.815,11.78,11.79
10/11/2019,11.8017,11.9017,11.7967,11.81
10/10/2019,11.6033,11.715,11.595,11.68
10/9/2019,11.5867,11.6417,11.5567,11.605
10/8/2019,11.6033,11.625,11.4967,11.5
10/7/2019,11.7033,11.7683,11.6683,11.6833
10/4/2019,11.615,11.7383,11.6083,11.7283
10/3/2019,11.48,11.58,11.3567,11.58
10/2/2019,11.6133,11.6133,11.4283,11.4883
10/1/2019,11.8683,11.901,11.6733,11.685
9/30/2019,11.8,11.8612,11.8,11.8367
9/27/2019,11.875,11.8817,11.7117,11.7717
9/26/2019,11.8883,11.8883,11.7917,11.845
9/25/2019,11.8083,11.9017,11.7467,11.8833
9/24/2019,12.0167,12.0317,11.825,11.865
9/23/2019,11.9367,12.0017,11.9333,11.9683
9/20/2019,12.0533,12.065,11.935,11.9717
9/19/2019,12.045,12.0933,12.0133,12.03
9/18/2019,12.02,12.035,11.9217,12.0333
9/17/2019,11.9933,12.0367,11.9867,12.0367
9/16/2019,11.9833,12.0217,11.9754,12.005
9/13/2019,12.06,12.0767,12.015,12.0317
9/12/2019,12.045,12.0817,12.0,12.0433
9/11/2019,11.9217,12.0067,11.8917,12.0067
9/10/2019,11.8633,11.905,11.8083,11.9017
9/9/2019,11.9317,11.9317,11.85,11.8983
9/6/2019,11.9017,11.9183,11.8667,11.885
9/5/2019,11.8333,11.9208,11.8167,11.8817
9/4/2019,11.695,11.7283,11.6642,11.7283
9/3/2019,11.5983,11.6367,11.5467,11.6
8/30/2019,11.7383,11.7417,11.6333,11.675
8/29/2019,11.6383,11.7025,11.605,11.6767
8/28/2019,11.415,11.536,11.385,11.53
8/27/2019,11.57,11.5817,11.4167,11.45
8/26/2019,11.48,11.5,11.4133,11.5
8/23/2019,11.6283,11.6967,11.3333,11.3833
8/22/2019,11.7133,11.7433,11.6067,11.6817
8/21/2019,11.6917,11.7039,11.6617,11.6833
8/20/2019,11.6633,11.68,11.59,11.595
8/19/2019,11.6817,11.7117,11.6483,11.6833
8/16/2019,11.4467,11.5633,11.4467,11.5433
8/15/2019,11.385,11.4117,11.2867,11.375
8/14/2019,11.515,11.5317,11.3442,11.3467
8/13/2019,11.505,11.76,11.495,11.6917
8/12/2019,11.6017,11.6158,11.4833,11.5217
8/9/2019,11.7133,11.7333,11.5983,11.67
8/8/2019,11.5917,11.753,11.575,11.75
8/7/2019,11.3917,11.56,11.2967,11.5233
8/6/2019,11.445,11.525,11.3767,11.5167
8/5/2019,11.525,11.525,11.2733,11.3717
8/2/2019,11.7667,11.775,11.6417,11.7133
8/1/2019,11.9333,12.0542,11.7742,11.8133
7/31/2019,12.0617,12.075,11.8383,11.925
7/30/2019,12.0017,12.0666,11.9867,12.0517
7/29/2019,12.095,12.0967,12.04,12.07
7/26/2019,12.0433,12.105,12.035,12.0917
7/25/2019,12.0583,12.0583,11.98,12.01
7/24/2019,11.975,12.075,11.97,12.0717
7/23/2019,11.9667,12.0033,11.9333,12.0033
7/22/2019,11.9117,11.9417,11.89,11.9167
7/19/2019,12.005,12.0075,11.8875,11.8917
7/18/2019,11.9017,11.975,11.8767,11.96
7/17/2019,11.9983,11.9983,11.9167,11.92
7/16/2019,12.0233,12.0367,11.9817,11.9933
7/15/2019,12.0483,12.0483,12.0083,12.0267
7/12/2019,11.99,12.0333,11.9834,12.0333
7/11/2019,11.98,11.9858,11.9258,11.9733
7/10/2019,11.9517,11.9917,11.915,11.9533
7/9/2019,11.8283,11.91,11.8267,11.9033
7/8/2019,11.8967,11.9098,11.8567,11.8783
7/5/2019,11.91,11.9567,11.85,11.9533
7/3/2019,11.8933,11.96,11.89,11.96
7/2/2019,11.8433,11.8667,11.8033,11.8633
7/1/2019,11.895,11.9017,11.7908,11.8417
6/28/2019,11.7117,11.7617,11.695,11.755
6/27/2019,11.6433,11.6867,11.6372,11.6733
6/26/2019,11.6633,11.6867,11.6067,11.61
6/25/2019,11.7917,11.7917,11.6683,11.67
6/24/2019,11.8283,11.835,11.78,11.7867
6/21/2019,11.825,11.875,11.8033,11.8217
6/20/2019,11.855,11.8617,11.7583,11.8467
6/19/2019,11.715,11.7583,11.6717,11.735
6/18/2019,11.6617,11.7583,11.6517,11.7067
6/17/2019,11.5833,11.6167,11.575,11.59
6/14/2019,11.5867,11.6,11.5433,11.5683
6/13/2019,11.5867,11.6083,11.5567,11.6033
6/12/2019,11.5533,11.5733,11.5167,11.545
6/11/2019,11.65,11.665,11.53,11.56
6/10/2019,11.5767,11.6433,11.565,11.57
6/7/2019,11.4483,11.5567,11.445,11.5067
6/6/2019,11.35,11.4284,11.3133,11.4033
6/5/2019,11.32,11.3383,11.2283,11.3383
6/4/2019,11.105,11.2533,11.0883,11.25
6/3/2019,11.0233,11.0788,10.9417,11.0033
5/31/2019,11.0583,11.0958,11.0158,11.0267
5/30/2019,11.18,11.2183,11.1202,11.1733
5/29/2019,11.17,11.1883,11.0833,11.1467
5/28/2019,11.3467,11.3808,11.225,11.2283
5/24/2019,11.3567,11.38,11.2966,11.3283
5/23/2019,11.3483,11.35,11.2317,11.3
5/22/2019,11.4483,11.4833,11.4217,11.4467
5/21/2019,11.4483,11.5,11.445,11.485
5/20/2019,11.385,11.4317,11.3417,11.3783
5/17/2019,11.44,11.5683,11.44,11.4583
5/16/2019,11.4667,11.6,11.463,11.54
5/15/2019,11.3017,11.46,11.2833,11.4367
5/14/2019,11.3067,11.4333,11.2983,11.3717
5/13/2019,11.3417,11.375,11.2267,11.27
5/10/2019,11.4717,11.595,11.335,11.5567
5/9/2019,11.4483,11.5333,11.3692,11.515
5/8/2019,11.55,11.62,11.5217,11.5433
5/7/2019,11.665,11.6817,11.4792,11.57
5/6/2019,11.615,11.7817,11.59,11.7667
5/3/2019,11.7433,11.8108,11.7367,11.805
5/2/2019,11.6917,11.735,11.605,11.6833
5/1/2019,11.8217,11.8225,11.7,11.7
4/30/2019,11.7783,11.7991,11.7058,11.7883
4/29/2019,11.775,11.8133,11.7667,11.7883
4/26/2019,11.7083,11.7683,11.6779,11.765
4/25/2019,11.7217,11.735,11.6533,11.7083
4/24/2019,11.7417,11.7617,11.7175,11.7217
4/23/2019,11.6483,11.7533,11.6383,11.74
4/22/2019,11.595,11.635,11.5783,11.635
4/18/2019,11.6333,11.635,11.565,11.6217
4/17/2019,11.6967,11.6967,11.5833,11.6083
4/16/2019,11.6767,11.6833,11.6217,11.65
4/15/2019,11.6583,11.6617,11.6067,11.645
4/12/2019,11.6467,11.6617,11.6133,11.6533
4/11/2019,11.5917,11.595,11.5483,11.5767
4/10/2019,11.5383,11.5783,11.5283,11.5783
4/9/2019,11.55,11.5617,11.5,11.52
4/8/2019,11.565,11.5942,11.5308,11.5917
4/5/2019,11.5517,11.5867,11.5401,11.585
4/4/2019,11.5067,11.5317,11.4717,11.52
4/3/2019,11.525,11.5471,11.4675,11.5017
4/2/2019,11.4717,11.4783,11.4317,11.47
4/1/2019,11.4167,11.5667,11.4067,11.4733
3/29/2019,11.3283,11.3458,11.2867,11.3417
3/28/2019,11.245,11.282,11.195,11.2683
3/27/2019,11.2733,11.295,11.14,11.2183
3/26/2019,11.2617,11.3133,11.2083,11.2667
3/25/2019,11.1767,11.2308,11.1217,11.1817
3/22/2019,11.3667,11.3867,11.1883,11.19
3/21/2019,11.2617,11.4451,11.2567,11.425
3/20/2019,11.33,11.38,11.245,11.2983
3/19/2019,11.4317,11.4603,11.3467,11.3867
3/18/2019,11.355,11.4063,11.3433,11.3933
3/15/2019,11.3217,11.3833,11.3117,11.3467
3/14/2019,11.3033,11.32,11.2783,11.2967
3/13/2019,11.2717,11.3448,11.2667,11.305
3/12/2019,11.2183,11.2567,11.2085,11.2317
3/11/2019,11.065,11.1983,11.0617,11.195
3/8/2019,10.9667,11.035,10.9517,11.0283
3/7/2019,11.125,11.1283,11.0183,11.0517
3/6/2019,11.2283,11.2333,11.1317,11.14
3/5/2019,11.2567,11.2583,11.2091,11.2283
3/4/2019,11.34,11.355,11.1466,11.2467
3/1/2019,11.2967,11.3157,11.23,11.3017
2/28/2019,11.2417,11.2617,11.215,11.225
2/27/2019,11.2233,11.265,11.1867,11.25
2/26/2019,11.245,11.2867,11.2383,11.2483
2/25/2019,11.3167,11.3383,11.2617,11.2683
2/22/2019,11.2067,11.2567,11.195,11.2517
2/21/2019,11.1983,11.2,11.135,11.175
2/20/2019,11.1917,11.2333,11.1733,11.2167
2/19/2019,11.1467,11.2217,11.1417,11.1933
2/15/2019,11.125,11.175,11.1203,11.1733
2/14/2019,11.025,11.1,10.9883,11.0517
2/13/2019,11.07,11.1033,11.0483,11.07
2/12/2019,10.9683,11.0475,10.965,11.035
2/11/2019,10.9117,10.9217,10.8717,10.895
2/8/2019,10.8133,10.8817,10.7767,10.88
2/7/2019,10.8967,10.92,10.7917,10.8683
2/6/2019,10.9717,10.9883,10.9317,10.9633
2/5/2019,10.9567,10.9933,10.9325,10.9817
2/4/2019,10.8567,10.9367,10.8317,10.9367
2/1/2019,10.855,10.8933,10.8217,10.8583
1/31/2019,10.7483,10.86,10.7417,10.8433
1/30/2019,10.6533,10.785,10.615,10.7483
1/29/2019,10.61,10.6333,10.555,10.5883
1/28/2019,10.585,10.6067,10.5267,10.605
1/25/2019,10.66,10.7067,10.6467,10.68
1/24/2019,10.5533,10.6017,10.5235,10.5833
1/23/2019,10.5967,10.625,10.4583,10.56
1/22/2019,10.635,10.6367,10.4783,10.55
1/18/2019,10.635,10.7167,10.6033,10.6933
1/17/2019,10.4417,10.5967,10.4392,10.5583
1/16/2019,10.4633,10.5118,10.4583,10.475
1/15/2019,10.3483,10.4518,10.3483,10.445
1/14/2019,10.3133,10.3692,10.2934,10.3317
1/11/2019,10.345,10.3967,10.3208,10.395
1/10/2019,10.2883,10.4,10.255,10.395
1/9/2019,10.3317,10.385,10.2833,10.3483
1/8/2019,10.29,10.305,10.1783,10.2933
1/7/2019,10.1183,10.25,10.08,10.1883
1/4/2019,9.8983,10.1234,9.8817,10.0983
1/3/2019,9.9183,9.9268,9.7467,9.7633
1/2/2019,9.835,10.0283,9.8217,9.9917
12/31/2018,9.965,9.99,9.88,9.9883
12/28/2018,9.9667,10.0358,9.8433,9.9
12/27/2018,9.7067,9.9283,9.56,9.9283
12/26/2018,9.4283,9.8433,9.3533,9.8433
12/24/2018,9.5517,9.6,9.3683,9.3683
12/21/2018,9.8533,9.9717,9.5967,9.625
12/20/2018,9.935,10.0,9.725,9.8283
12/19/2018,10.1533,10.3133,9.92,9.985
12/18/2018,10.2283,10.265,10.085,10.1483
12/17/2018,10.3267,10.3751,10.09,10.155
12/14/2018,10.4667,10.5167,10.3417,10.3683
12/13/2018,10.6183,10.65,10.5133,10.56
12/12/2018,10.655,10.7183,10.5833,10.585
12/11/2018,10.7183,10.7317,10.515,10.5767
12/10/2018,10.5567,10.6217,10.3767,10.5833
12/7/2018,10.8117,10.8766,10.5283,10.5733
12/6/2018,10.6667,10.8217,10.5267,10.8217
12/4/2018,11.18,11.1858,10.8183,10.84
12/3/2018,11.2533,11.2533,11.1268,11.205
11/30/2018,10.9867,11.0833,10.9767,11.0667
11/29/2018,10.9833,11.0592,10.9283,10.9983
11/28/2018,10.81,11.0117,10.765,11.0117
11/27/2018,10.705,10.7633,10.6767,10.7617
11/26/2018,10.685,10.7533,10.665,10.7483
11/23/2018,10.57,10.645,10.5617,10.585
11/21/2018,10.6533,10.7233,10.635,10.64
11/20/2018,10.6283,10.7017,10.5467,10.5917
11/19/2018,10.9567,10.9633,10.7467,10.785
11/16/2018,10.9017,11.01,10.88,10.9783
11/15/2018,10.7833,10.9692,10.7133,10.9533
11/14/2018,10.9967,11.015,10.7667,10.8333
11/13/2018,10.9483,11.0417,10.8783,10.9117
11/12/2018,11.1083,11.1125,10.905,10.9217
11/9/2018,11.2,11.2,11.0733,11.1417
11/8/2018,11.2517,11.2883,11.2083,11.255
11/7/2018,11.1483,11.285,11.13,11.28
11/6/2018,10.9833,11.0583,10.9808,11.0533
11/5/2018,10.9483,11.0117,10.9067,10.9867
11/2/2018,11.0433,11.0633,10.8467,10.9367
11/1/2018,10.8967,11.0,10.855,10.995
10/31/2018,10.86,10.96,10.85,10.8583
10/30/2018,10.5783,10.7567,10.5582,10.745
10/29/2018,10.7767,10.84,10.4267,10.58
10/26/2018,10.6667,10.7758,10.5133,10.64
10/25/2018,10.7033,10.8917,10.6717,10.825
10/24/2018,10.9667,10.98,10.6108,10.6283
10/23/2018,10.8683,11.0267,10.7735,10.9717
10/22/2018,11.11,11.1233,11.0083,11.0367
10/19/2018,11.125,11.2149,11.0517,11.0783
10/18/2018,11.23,11.2517,11.0467,11.105
10/17/2018,11.28,11.2983,11.1585,11.2733
10/16/2018,11.1083,11.2917,11.0883,11.275
10/15/2018,11.065,11.1283,11.0117,11.0333
10/12/2018,11.125,11.155,10.9333,11.0783
10/11/2018,11.1267,11.2033,10.8767,10.94
10/10/2018,11.5117,11.5117,11.1633,11.175
10/9/2018,11.5383,11.6017,11.5233,11.5417
10/8/2018,11.5433,11.5817,11.4717,11.5617
10/5/2018,11.6483,11.6733,11.5021,11.575
10/4/2018,11.7267,11.7267,11.5767,11.6467
10/3/2018,11.7767,11.795,11.7317,11.7467
10/2/2018,11.7417,11.7654,11.7133,11.7317
10/1/2018,11.7933,11.81,11.7233,11.75
9/28/2018,11.6983,11.755,11.6983,11.7317
9/27/2018,11.7183,11.775,11.7067,11.7283
9/26/2018,11.7483,11.795,11.6825,11.6933
9/25/2018,11.7717,11.7733,11.735,11.7417
9/24/2018,11.82,11.82,11.7733,11.8017
9/21/2018,11.89,11.8933,11.8333,11.8417
9/20/2018,11.8167,11.8666,11.8118,11.8517
9/19/2018,11.76,11.785,11.7517,11.7633
9/18/2018,11.7067,11.7817,11.7067,11.7583
9/17/2018,11.7683,11.7704,11.6867,11.6983
9/14/2018,11.775,11.7867,11.7333,11.7717
9/13/2018,11.7483,11.775,11.7333,11.7633
9/12/2018,11.6967,11.72,11.655,11.7033
9/11/2018,11.6367,11.7183,11.6167,11.7017
9/10/2018,11.685,11.6925,11.6517,11.6617
9/7/2018,11.6167,11.6848,11.5833,11.635
9/6/2018,11.705,11.7232,11.6202,11.6633
9/5/2018,11.72,11.7233,11.65,11.7033
9/4/2018,11.7467,11.755,11.6898,11.7383
8/31/2018,11.7333,11.7717,11.7183,11.755
8/30/2018,11.7783,11.795,11.7283,11.75
8/29/2018,11.745,11.8092,11.7367,11.8
8/28/2018,11.7583,11.7616,11.7133,11.7367
8/27/2018,11.6983,11.7415,11.6883,11.7317
8/24/2018,11.6033,11.6548,11.6,11.6483
8/23/2018,11.5833,11.6233,11.5633,11.575
8/22/2018,11.58,11.6158,11.5717,11.6
8/21/2018,11.58,11.6342,11.575,11.5967
8/20/2018,11.5517,11.5715,11.5308,11.56
8/17/2018,11.4733,11.55,11.4633,11.53
8/16/2018,11.46,11.5283,11.4547,11.4883
8/15/2018,11.4333,11.4352,11.3333,11.3983
8/14/2018,11.4483,11.5015,11.435,11.4883
8/13/2018,11.4683,11.4967,11.3983,11.4117
8/10/2018,11.47,11.4967,11.435,11.46
8/9/2018,11.5467,11.5683,11.525,11.5317
8/8/2018,11.5433,11.5575,11.5167,11.54
8/7/2018,11.54,11.565,11.5367,11.5483
8/6/2018,11.465,11.5217,11.45,11.51
8/3/2018,11.4333,11.4632,11.4215,11.4617
8/2/2018,11.2967,11.43,11.2917,11.42
8/1/2018,11.38,11.4,11.3217,11.3567
7/31/2018,11.345,11.3983,11.3233,11.3683
7/30/2018,11.3767,11.3833,11.2833,11.3
7/27/2018,11.48,11.4817,11.33,11.3733
7/26/2018,11.45,11.49,11.4434,11.4633
7/25/2018,11.3717,11.4867,11.3717,11.4833
7/24/2018,11.4133,11.44,11.3468,11.38
7/23/2018,11.335,11.365,11.3117,11.3583
7/20/2018,11.3533,11.3733,11.3367,11.3417
7/19/2018,11.3483,11.3848,11.3283,11.3617
7/18/2018,11.3683,11.3933,11.3433,11.3867
7/17/2018,11.2867,11.38,11.2723,11.365
7/16/2018,11.3383,11.3433,11.295,11.315
7/13/2018,11.3183,11.3516,11.295,11.3317
7/12/2018,11.29,11.3267,11.2583,11.3217
7/11/2018,11.25,11.2842,11.2194,11.235
7/10/2018,11.3067,11.3237,11.2783,11.3133
7/9/2018,11.2283,11.2833,11.2282,11.2817
7/6/2018,11.0883,11.1967,11.075,11.1817
7/5/2018,11.0517,11.09,11.0017,11.0883
7/3/2018,11.07,11.0733,10.9833,10.9933
7/2/2018,10.9317,11.03,10.9233,11.0283
6/29/2018,11.035,11.0933,10.9983,10.9983
6/28/2018,10.9183,11.0183,10.8867,10.9917
6/27/2018,11.0433,11.1117,10.9217,10.9217
6/26/2018,11.0333,11.065,10.99,11.0267
6/25/2018,11.1567,11.1594,10.9783,11.05
6/22/2018,11.25,11.25,11.2,11.2067
6/21/2018,11.2667,11.2683,11.17,11.1867
6/20/2018,11.2733,11.295,11.2467,11.2717
6/19/2018,11.1767,11.2467,11.1533,11.2367
6/18/2018,11.225,11.2833,11.2042,11.28
6/15/2018,11.2683,11.305,11.2183,11.2917
6/14/2018,11.3117,11.325,11.2733,11.305
6/13/2018,11.325,11.3317,11.2667,11.2717
6/12/2018,11.31,11.3298,11.2833,11.3133
6/11/2018,11.2833,11.318,11.2817,11.29
6/8/2018,11.2167,11.2767,11.2133,11.2767
6/7/2018,11.2683,11.28,11.1967,11.235
6/6/2018,11.1783,11.25,11.155,11.25
6/5/2018,11.1417,11.1683,11.115,11.1533
6/4/2018,11.1183,11.1465,11.1033,11.14
6/1/2018,11.0383,11.096,11.0367,11.085
5/31/2018,11.0367,11.0433,10.9533,10.9733
5/30/2018,10.9617,11.07,10.9617,11.0483
5/29/2018,10.9383,10.98,10.8517,10.9067
5/25/2018,11.0167,11.0392,10.9915,11.0133
5/24/2018,11.0417,11.05,10.9575,11.0367
5/23/2018,10.98,11.055,10.9683,11.055
5/22/2018,11.0883,11.0983,11.0133,11.025
5/21/2018,11.0483,11.0875,11.0367,11.0633
5/18/2018,11.0,11.0093,10.97,10.9883
5/17/2018,11.0017,11.0525,10.975,11.005
5/16/2018,10.9583,11.0267,10.955,11.0067
5/15/2018,10.97,10.97,10.9183,10.955
5/14/2018,11.0433,11.0733,11.0032,11.0217
5/11/2018,11.0033,11.0398,10.9767,11.0133
5/10/2018,10.9333,11.0117,10.93,10.995
5/9/2018,10.8333,10.9142,10.8056,10.9017
5/8/2018,10.7833,10.815,10.7342,10.8033
5/7/2018,10.79,10.8383,10.7667,10.7933
5/4/2018,10.575,10.78,10.5555,10.7467
5/3/2018,10.6,10.642,10.475,10.6117
5/2/2018,10.69,10.7333,10.6233,10.64
5/1/2018,10.6533,10.705,10.5871,10.7
4/30/2018,10.7867,10.8117,10.6717,10.6717
4/27/2018,10.7883,10.7913,10.7183,10.7583
4/26/2018,10.6983,10.7883,10.6733,10.7517
4/25/2018,10.635,10.6767,10.55,10.6533
4/24/2018,10.82,10.8284,10.5683,10.635
4/23/2018,10.8017,10.825,10.7233,10.7683
4/20/2018,10.86,10.8624,10.7367,10.7767
4/19/2018,10.8933,10.9167,10.8183,10.8583
4/18/2018,10.9367,10.9604,10.9017,10.925
4/17/2018,10.865,10.936,10.8468,10.91
4/16/2018,10.78,10.8283,10.735,10.79
4/13/2018,10.7983,10.8033,10.665,10.705
4/12/2018,10.7083,10.7783,10.7033,10.735
4/11/2018,10.645,10.7283,10.6183,10.655
4/10/2018,10.66,10.7367,10.6167,10.7017
4/9/2018,10.5567,10.6817,10.5167,10.525
4/6/2018,10.6317,10.7017,10.42,10.4933
4/5/2018,10.7117,10.7567,10.67,10.72
4/4/2018,10.3633,10.6654,10.36,10.645
4/3/2018,10.4517,10.545,10.3719,10.5233
4/2/2018,10.6033,10.6248,10.29,10.3933
3/29/2018,10.545,10.7033,10.515,10.6317
3/28/2018,10.5333,10.5933,10.445,10.495
3/27/2018,10.75,10.7567,10.4567,10.52
3/26/2018,10.5867,10.7142,10.4867,10.7067
3/23/2018,10.67,10.7067,10.4233,10.435
3/22/2018,10.83,10.8631,10.6483,10.6567
3/21/2018,10.93,11.0233,10.9117,10.9217
3/20/2018,10.9267,10.9583,10.9033,10.9317
3/19/2018,11.0183,11.0183,10.8417,10.9183
3/16/2018,11.0567,11.0983,11.0533,11.0583
3/15/2018,11.1233,11.1433,11.0617,11.0867
3/14/2018,11.1983,11.2,11.08,11.1017
3/13/2018,11.2733,11.2934,11.1317,11.1533
3/12/2018,11.2467,11.2733,11.205,11.2267
3/9/2018,11.11,11.2317,11.0967,11.2317
3/8/2018,11.0317,11.0517,10.9817,11.045
3/7/2018,10.9017,11.02,10.8817,11.0017
3/6/2018,11.0,11.0067,10.924,10.9983
3/5/2018,10.7817,10.985,10.7783,10.9583
3/2/2018,10.6883,10.8567,10.6485,10.8333
3/1/2018,10.9033,10.9666,10.6917,10.7667
2/28/2018,11.065,11.0833,10.8933,10.8933
2/27/2018,11.165,11.2,11.0183,11.02
2/26/2018,11.09,11.1633,11.0567,11.1617
2/23/2018,10.9333,11.0433,10.91,11.0433
2/22/2018,10.9067,10.98,10.8467,10.8717
2/21/2018,10.9333,11.0483,10.865,10.8683
2/20/2018,10.9383,11.0083,10.8817,10.9183
2/16/2018,10.9483,11.07,10.9467,10.9833
2/15/2018,10.9233,10.9783,10.815,10.9783
2/14/2018,10.6333,10.8616,10.6317,10.8483
2/13/2018,10.61,10.715,10.5883,10.695
2/12/2018,10.6033,10.7267,10.5217,10.6617
2/9/2018,10.4967,10.5967,10.1783,10.52
2/8/2018,10.7817,10.7817,10.3733,10.3783
2/7/2018,10.795,10.935,10.765,10.765
2/6/2018,10.4483,10.8367,10.3933,10.8183
2/5/2018,10.9867,11.0833,10.5983,10.63
2/2/2018,11.2467,11.255,11.0683,11.0733
2/1/2018,11.2833,11.3633,11.2757,11.31
1/31/2018,11.3583,11.3833,11.2717,11.3133
1/30/2018,11.3467,11.3733,11.2968,11.3183
1/29/2018,11.4883,11.505,11.4283,11.4367
1/26/2018,11.4283,11.5117,11.415,11.5117
1/25/2018,11.4317,11.4317,11.3567,11.3933
1/24/2018,11.4,11.4517,11.3367,11.3917
1/23/2018,11.3733,11.4082,11.3567,11.4
1/22/2018,11.2733,11.3717,11.2733,11.3717
1/19/2018,11.25,11.2817,11.2283,11.28
1/18/2018,11.2417,11.2533,11.201,11.2183
1/17/2018,11.1817,11.26,11.15,11.2433
1/16/2018,11.2483,11.2703,11.1131,11.135
1/12/2018,11.1333,11.1935,11.1317,11.19
1/11/2018,11.0517,11.1233,11.05,11.1233
1/10/2018,11.0183,11.0417,10.9817,11.0283
1/9/2018,11.045,11.0767,11.0321,11.0467
1/8/2018,11.0,11.0327,10.9808,11.0283
1/5/2018,10.9733,11.0083,10.9483,11.0033
1/4/2018,10.925,10.955,10.9211,10.9333
1/3/2018,10.845,10.8998,10.84,10.8917
1/2/2018,10.795,10.8317,10.7767,10.8317
12/29/2017,10.8167,10.8265,10.7483,10.7533
12/28/2017,10.7967,10.8017,10.7775,10.7983
12/27/2017,10.775,10.79,10.7617,10.775
12/26/2017,10.7617,10.7783,10.7584,10.7683
12/22/2017,10.7867,10.7867,10.7567,10.78
12/21/2017,10.785,10.8083,10.7683,10.78
12/20/2017,10.8017,10.8017,10.7417,10.7567
12/19/2017,10.815,10.815,10.7565,10.7583
12/18/2017,10.7883,10.8133,10.7883,10.8
12/15/2017,10.7317,10.8,10.72,10.7783
12/14/2017,10.75,10.755,10.6833,10.685
12/13/2017,10.7467,10.77,10.7317,10.735
12/12/2017,10.7333,10.7567,10.7233,10.735
12/11/2017,10.7,10.7233,10.695,10.7233
12/8/2017,10.68,10.6967,10.6633,10.6933
12/7/2017,10.595,10.6533,10.5922,10.64
12/6/2017,10.5867,10.6167,10.58,10.5983
12/5/2017,10.6583,10.6833,10.599,10.6017
12/4/2017,10.74,10.7635,10.6467,10.6467
12/1/2017,10.6783,10.6967,10.5052,10.6633
11/30/2017,10.6433,10.725,10.64,10.6833
11/29/2017,10.6133,10.6445,10.5833,10.605
11/28/2017,10.52,10.605,10.5117,10.6
11/27/2017,10.5117,10.52,10.49,10.4967
11/24/2017,10.5083,10.5117,10.5008,10.5033
11/22/2017,10.4983,10.5017,10.48,10.4867
11/21/2017,10.4533,10.4933,10.4533,10.4933
11/20/2017,10.41,10.4267,10.3992,10.4233
11/17/2017,10.4017,10.4163,10.3917,10.4
11/16/2017,10.3667,10.43,10.365,10.415
11/15/2017,10.3267,10.3517,10.2802,10.325
11/14/2017,10.3567,10.3783,10.3317,10.37
11/13/2017,10.3583,10.4067,10.3502,10.3983
11/10/2017,10.375,10.395,10.3632,10.3867
11/9/2017,10.375,10.4017,10.3158,10.3867
11/8/2017,10.4067,10.4317,10.39,10.425
11/7/2017,10.4367,10.45,10.39,10.4133
11/6/2017,10.41,10.4383,10.4084,10.43
11/3/2017,10.39,10.4148,10.3683,10.41
11/2/2017,10.3717,10.3883,10.33,10.38
11/1/2017,10.41,10.425,10.3583,10.38
10/31/2017,10.37,10.385,10.355,10.3717
10/30/2017,10.37,10.3865,10.3382,10.3533
10/27/2017,10.3467,10.3948,10.3267,10.3933
10/26/2017,10.3183,10.3365,10.3035,10.3117
10/25/2017,10.3317,10.3383,10.2415,10.2917
10/24/2017,10.35,10.36,10.3333,10.3483
10/23/2017,10.39,10.39,10.3267,10.3333
10/20/2017,10.36,10.375,10.3483,10.3733
10/19/2017,10.2833,10.3217,10.2583,10.3217
10/18/2017,10.325,10.3302,10.31,10.32
10/17/2017,10.3067,10.31,10.2933,10.3083
10/16/2017,10.31,10.3165,10.2857,10.3067
10/13/2017,10.3033,10.31,10.2852,10.29
10/12/2017,10.2817,10.2983,10.2733,10.2833
10/11/2017,10.2783,10.2967,10.2708,10.2967
10/10/2017,10.2833,10.3032,10.26,10.28
10/9/2017,10.29,10.2915,10.245,10.255
10/6/2017,10.27,10.285,10.2567,10.28
10/5/2017,10.2433,10.29,10.2433,10.2867
10/4/2017,10.22,10.245,10.21,10.23
10/3/2017,10.215,10.225,10.195,10.225
10/2/2017,10.1583,10.1981,10.1535,10.1967
9/29/2017,10.115,10.1517,10.11,10.1517
9/28/2017,10.085,10.1183,10.0817,10.1167
9/27/2017,10.0817,10.1185,10.0465,10.0983
9/26/2017,10.06,10.07,10.0394,10.05
9/25/2017,10.055,10.0675,10.01,10.0433
9/22/2017,10.04,10.065,10.0117,10.0567
9/21/2017,10.0667,10.08,10.045,10.05
9/20/2017,10.0733,10.0817,10.0367,10.08
9/19/2017,10.07,10.074,10.0567,10.0667
9/18/2017,10.0567,10.0733,10.0433,10.0633
9/15/2017,10.0567,10.08,10.05,10.0767
9/14/2017,10.0483,10.0698,10.0415,10.06
9/13/2017,10.045,10.0667,10.0447,10.0667
9/12/2017,10.0417,10.0583,10.0333,10.0583
9/11/2017,9.975,10.0233,9.9689,10.02
9/8/2017,9.9083,9.9333,9.9,9.9133
9/7/2017,9.94,9.94,9.9033,9.9233
9/6/2017,9.93,9.9445,9.9017,9.9233
9/5/2017,9.95,9.9618,9.8567,9.8983
9/1/2017,9.97,9.9921,9.9627,9.9767
8/31/2017,9.92,9.965,9.9159,9.9533
8/30/2017,9.8417,9.8978,9.8295,9.8867
8/29/2017,9.7717,9.8482,9.7638,9.84
8/28/2017,9.8483,9.8488,9.8083,9.83
8/25/2017,9.84,9.8633,9.82,9.8267
8/24/2017,9.845,9.85,9.7967,9.8033
8/23/2017,9.8117,9.8417,9.8018,9.8217
8/22/2017,9.78,9.8583,9.7783,9.8517
8/21/2017,9.74,9.7616,9.7067,9.7483
8/18/2017,9.75,9.7967,9.7207,9.7417
8/17/2017,9.8883,9.9033,9.7617,9.7617
8/16/2017,9.92,9.9416,9.8967,9.9183
8/15/2017,9.93,9.93,9.8883,9.8983
8/14/2017,9.8667,9.9167,9.8633,9.9067
8/11/2017,9.7933,9.8275,9.7883,9.8067
8/10/2017,9.895,9.8983,9.7883,9.7917
8/9/2017,9.9183,9.9367,9.8948,9.935
8/8/2017,9.9567,10.015,9.9281,9.9483
8/7/2017,9.9617,9.9717,9.9467,9.9717
8/4/2017,9.955,9.9617,9.9333,9.955
8/3/2017,9.9533,9.9567,9.9217,9.9267
8/2/2017,9.97,9.97,9.91,9.9533
8/1/2017,9.9683,9.9717,9.9392,9.96
7/31/2017,9.9683,9.97,9.9267,9.94
7/28/2017,9.9317,9.9517,9.9217,9.945
7/27/2017,10.0,10.0,9.9017,9.9583
7/26/2017,10.0,10.0,9.9667,9.9767
7/25/2017,9.995,9.9967,9.9683,9.9817
7/24/2017,9.9483,9.9583,9.9284,9.95
7/21/2017,9.9417,9.9567,9.9267,9.9533
7/20/2017,9.975,9.98,9.94,9.9633
7/19/2017,9.9183,9.96,9.9118,9.9583
7/18/2017,9.885,9.9017,9.8583,9.9
7/17/2017,9.8933,9.9133,9.885,9.8983
7/14/2017,9.8567,9.9133,9.8467,9.895
7/13/2017,9.8383,9.8567,9.8217,9.85
7/12/2017,9.8117,9.8417,9.8102,9.8333
7/11/2017,9.7633,9.775,9.7083,9.765
7/10/2017,9.7517,9.7817,9.74,9.7617
7/7/2017,9.7167,9.765,9.71,9.76
7/6/2017,9.7517,9.7567,9.685,9.6917
7/5/2017,9.7817,9.795,9.7473,9.7833
7/3/2017,9.79,9.8167,9.7767,9.78
6/30/2017,9.775,9.7865,9.7392,9.7433
6/29/2017,9.8233,9.83,9.6767,9.7383
6/28/2017,9.7667,9.8263,9.7622,9.815
6/27/2017,9.7883,9.8113,9.725,9.725
6/26/2017,9.8317,9.8483,9.7883,9.8067
6/23/2017,9.785,9.8083,9.7633,9.8
6/22/2017,9.7783,9.8033,9.765,9.7783
6/21/2017,9.8017,9.8102,9.7593,9.7783
6/20/2017,9.84,9.84,9.7817,9.785
6/19/2017,9.815,9.855,9.8083,9.8533
6/16/2017,9.83,9.83,9.775,9.8183
6/15/2017,9.7767,9.8209,9.765,9.815
6/14/2017,9.8733,9.8733,9.8027,9.8433
6/13/2017,9.8317,9.8617,9.8167,9.8583
6/12/2017,9.8,9.8127,9.7683,9.8067
6/9/2017,9.83,9.875,9.7533,9.81
6/8/2017,9.81,9.8364,9.7883,9.8217
6/7/2017,9.7983,9.815,9.7717,9.8
6/6/2017,9.7983,9.8183,9.7783,9.7917
6/5/2017,9.8283,9.8365,9.8133,9.8167
6/2/2017,9.8033,9.8432,9.7883,9.8333
6/1/2017,9.7283,9.7967,9.7172,9.7933
5/31/2017,9.7283,9.7283,9.665,9.71
5/30/2017,9.7167,9.7236,9.6967,9.71
5/26/2017,9.7233,9.73,9.7117,9.7283
5/25/2017,9.7117,9.7383,9.7,9.725
5/24/2017,9.675,9.6898,9.6583,9.6867
5/23/2017,9.6617,9.6717,9.64,9.66
5/22/2017,9.615,9.65,9.6083,9.645
5/19/2017,9.5517,9.6225,9.55,9.5867
5/18/2017,9.4783,9.5633,9.4713,9.53
5/17/2017,9.5883,9.6056,9.4883,9.4933
5/16/2017,9.6883,9.6883,9.645,9.67
5/15/2017,9.6467,9.685,9.645,9.6733
5/12/2017,9.6333,9.6333,9.6083,9.6217
5/11/2017,9.6483,9.65,9.5883,9.64
5/10/2017,9.64,9.6667,9.6333,9.6667
5/9/2017,9.6683,9.6733,9.6283,9.6467
5/8/2017,9.665,9.67,9.6317,9.6533
5/5/2017,9.64,9.665,9.615,9.665
5/4/2017,9.625,9.6267,9.5733,9.6183
5/3/2017,9.6117,9.62,9.5833,9.6083
5/2/2017,9.645,9.65,9.615,9.635
5/1/2017,9.6333,9.6519,9.6087,9.635
4/28/2017,9.655,9.655,9.6042,9.605
4/27/2017,9.65,9.6543,9.6166,9.6417
4/26/2017,9.6367,9.675,9.63,9.6367
4/25/2017,9.605,9.65,9.6033,9.635
4/24/2017,9.5733,9.5833,9.5517,9.5717
4/21/2017,9.4983,9.4983,9.4533,9.4717
4/20/2017,9.4517,9.515,9.435,9.4967
4/19/2017,9.46,9.475,9.41,9.4233
4/18/2017,9.425,9.4486,9.3933,9.4317
4/17/2017,9.39,9.4533,9.3817,9.4533
4/13/2017,9.42,9.4482,9.37,9.37
4/12/2017,9.47,9.4783,9.4233,9.435
4/11/2017,9.4717,9.4833,9.4083,9.4833
4/10/2017,9.4867,9.5217,9.4583,9.485
4/7/2017,9.4767,9.5017,9.4517,9.4767
4/6/2017,9.46,9.5033,9.435,9.4833
4/5/2017,9.52,9.56,9.44,9.4517
4/4/2017,9.4733,9.4892,9.4533,9.4883
4/3/2017,9.5183,9.5233,9.43,9.485
3/31/2017,9.5133,9.54,9.5033,9.51
3/30/2017,9.4917,9.531,9.485,9.525
3/29/2017,9.4683,9.5,9.4533,9.495
3/28/2017,9.4033,9.4932,9.391,9.4733
3/27/2017,9.34,9.4193,9.3117,9.4083
3/24/2017,9.4367,9.4617,9.3833,9.4183
3/23/2017,9.4167,9.4727,9.401,9.42
3/22/2017,9.3967,9.4342,9.3733,9.42
3/21/2017,9.5717,9.5733,9.3967,9.405
3/20/2017,9.56,9.565,9.5233,9.5411
3/17/2017,9.6267,9.6283,9.595,9.6017
3/16/2017,9.6367,9.6383,9.592,9.61
3/15/2017,9.5533,9.641,9.5483,9.6183
3/14/2017,9.5467,9.5467,9.4983,9.535
3/13/2017,9.5633,9.5733,9.5483,9.57
3/10/2017,9.5717,9.575,9.5167,9.56
3/9/2017,9.5267,9.55,9.4833,9.5217
3/8/2017,9.555,9.5717,9.5168,9.525
3/7/2017,9.5683,9.5817,9.539,9.5483
3/6/2017,9.5833,9.595,9.5517,9.585
3/3/2017,9.6083,9.6233,9.585,9.6167
3/2/2017,9.665,9.665,9.605,9.6117
3/1/2017,9.6233,9.6943,9.6217,9.6733
2/28/2017,9.5667,9.5667,9.5257,9.5417
2/27/2017,9.5583,9.5867,9.5367,9.58
2/24/2017,9.5033,9.5533,9.4983,9.5533
2/23/2017,9.5733,9.5817,9.5083,9.5367
2/22/2017,9.5417,9.5617,9.535,9.55
2/21/2017,9.5283,9.567,9.5167,9.5617
2/17/2017,9.4567,9.5,9.4483,9.5
2/16/2017,9.5,9.5116,9.45,9.4867
2/15/2017,9.4467,9.5065,9.435,9.4967
2/14/2017,9.4083,9.4508,9.39,9.45
2/13/2017,9.3983,9.4267,9.385,9.4133
2/10/2017,9.345,9.3783,9.34,9.3667
2/9/2017,9.28,9.34,9.275,9.3233
2/8/2017,9.2483,9.2689,9.22,9.265
2/7/2017,9.27,9.2868,9.2417,9.2533
2/6/2017,9.2633,9.28,9.2417,9.2567
2/3/2017,9.2483,9.285,9.2383,9.2817
2/2/2017,9.1817,9.2217,9.17,9.2067
2/1/2017,9.24,9.2516,9.1757,9.2033
1/31/2017,9.1683,9.2017,9.1467,9.2017
1/30/2017,9.2217,9.23,9.14,9.1967
1/27/2017,9.2833,9.2866,9.2467,9.2583
1/26/2017,9.2933,9.295,9.265,9.2733
1/25/2017,9.255,9.2875,9.2479,9.2833
1/24/2017,9.1517,9.2233,9.1467,9.2083
1/23/2017,9.1483,9.1601,9.1009,9.1367
1/20/2017,9.1617,9.1833,9.1333,9.16
1/19/2017,9.175,9.178,9.105,9.1267
1/18/2017,9.1533,9.1642,9.125,9.1625
1/17/2017,9.1583,9.1683,9.1233,9.14
1/13/2017,9.1683,9.1967,9.1667,9.1783
1/12/2017,9.1717,9.1717,9.0883,9.1583
1/11/2017,9.1583,9.18,9.1217,9.18
1/10/2017,9.155,9.19,9.1333,9.1583
1/9/2017,9.1783,9.1833,9.1444,9.1467
1/6/2017,9.1633,9.2017,9.1317,9.1808
1/5/2017,9.16,9.1683,9.1163,9.155
1/4/2017,9.12,9.1745,9.12,9.17
1/3/2017,9.0967,9.1267,9.0437,9.0917
12/30/2016,9.0767,9.0767,9.0017,9.03
12/29/2016,9.0633,9.0866,9.04,9.0617
12/28/2016,9.16,9.16,9.0585,9.0633
12/27/2016,9.1333,9.1617,9.129,9.1433
12/23/2016,9.1017,9.1167,9.0967,9.1133
12/22/2016,9.12,9.12,9.08,9.0983
12/21/2016,9.1517,9.1567,9.1233,9.1233
12/20/2016,9.13,9.1583,9.13,9.1517
12/19/2016,9.105,9.13,9.0917,9.11
12/16/2016,9.195,9.195,9.1317,9.145
12/15/2016,9.1333,9.2067,9.125,9.16
12/14/2016,9.1967,9.2217,9.1083,9.13
12/13/2016,9.1867,9.2283,9.1733,9.2017
12/12/2016,9.175,9.1917,9.1335,9.1517
12/9/2016,9.1483,9.1758,9.1393,9.1717
12/8/2016,9.1083,9.1517,9.086,9.1283
12/7/2016,8.9833,9.1,8.97,9.0933
12/6/2016,8.9583,8.985,8.9323,8.9833
12/5/2016,8.925,8.9567,8.9133,8.9433
12/2/2016,8.8733,8.9033,8.8633,8.8833
12/1/2016,8.935,8.935,8.8556,8.8717
11/30/2016,8.9767,8.9767,8.9133,8.9133
11/29/2016,8.915,8.9583,8.905,8.9333
11/28/2016,8.9633,8.9633,8.915,8.9233
11/25/2016,8.9517,8.9717,8.945,8.9717
11/23/2016,8.9133,8.9387,8.8917,8.9367
11/22/2016,8.9217,8.9317,8.8868,8.925
11/21/2016,8.8667,8.9,8.8583,8.8983
11/18/2016,8.8583,8.8683,8.8283,8.84
11/17/2016,8.815,8.8567,8.8034,8.85
11/16/2016,8.795,8.8164,8.7833,8.8033
11/15/2016,8.7733,8.82,8.756,8.815
11/14/2016,8.7383,8.7767,8.7133,8.75
11/11/2016,8.6967,8.7367,8.6733,8.7283
11/10/2016,8.7483,8.7833,8.6567,8.7217
11/9/2016,8.5,8.7233,8.48,8.6933
11/8/2016,8.54,8.618,8.5202,8.5883
11/7/2016,8.49,8.555,8.4833,8.55
11/4/2016,8.3733,8.425,8.3633,8.37
11/3/2016,8.4267,8.435,8.3633,8.3733
11/2/2016,8.46,8.4717,8.395,8.4083
11/1/2016,8.5433,8.5467,8.416,8.4683
10/31/2016,8.5417,8.5552,8.5241,8.5333
10/28/2016,8.5417,8.5848,8.4983,8.525
10/27/2016,8.6183,8.6183,8.545,8.5467
10/26/2016,8.5733,8.615,8.5617,8.5867
10/25/2016,8.6417,8.6467,8.6017,8.61
10/24/2016,8.64,8.6617,8.6297,8.645
10/21/2016,8.5733,8.61,8.5567,8.6033
10/20/2016,8.61,8.6317,8.5717,8.6067
10/19/2016,8.6117,8.6353,8.5867,8.6217
10/18/2016,8.61,8.62,8.5773,8.595
10/17/2016,8.5683,8.5783,8.5333,8.5433
10/14/2016,8.615,8.6383,8.5667,8.5683
10/13/2016,8.5517,8.5933,8.4983,8.5733
10/12/2016,8.5983,8.625,8.5734,8.6017
10/11/2016,8.6867,8.6933,8.56,8.5933
10/10/2016,8.6983,8.7283,8.6983,8.7017
10/7/2016,8.6967,8.7067,8.6212,8.655
10/6/2016,8.68,8.6983,8.6483,8.6867
10/5/2016,8.6783,8.709,8.6783,8.6917
10/4/2016,8.7067,8.7117,8.6233,8.65
10/3/2016,8.7017,8.7083,8.6667,8.69
9/30/2016,8.6867,8.7483,8.675,8.72
9/29/2016,8.7233,8.74,8.629,8.65
9/28/2016,8.6933,8.74,8.653,8.7333
9/27/2016,8.6317,8.6908,8.615,8.6867
9/26/2016,8.6717,8.6783,8.6317,8.6383
9/23/2016,8.7367,8.745,8.7057,8.7083
9/22/2016,8.7333,8.7667,8.7333,8.7567
9/21/2016,8.625,8.6993,8.5933,8.69
9/20/2016,8.63,8.64,8.5917,8.5967
9/19/2016,8.6267,8.655,8.5783,8.5947
9/16/2016,8.625,8.6267,8.585,8.6161
9/15/2016,8.56,8.6633,8.5483,8.6483
9/14/2016,8.5717,8.6233,8.5377,8.5617
9/13/2016,8.64,8.6433,8.5375,8.565
9/12/2016,8.5333,8.7127,8.5283,8.695
9/9/2016,8.74,8.74,8.5767,8.578
9/8/2016,8.7967,8.8117,8.7817,8.795
9/7/2016,8.8033,8.8168,8.7833,8.815
9/6/2016,8.795,8.8067,8.7602,8.8067
9/2/2016,8.7683,8.7992,8.7567,8.78
9/1/2016,8.7383,8.7517,8.68,8.7367
8/31/2016,8.7467,8.75,8.6983,8.7333
8/30/2016,8.7633,8.7817,8.7333,8.7567
8/29/2016,8.7317,8.7838,8.7298,8.77
8/26/2016,8.76,8.8017,8.6867,8.725
8/25/2016,8.7333,8.7648,8.725,8.7433
8/24/2016,8.79,8.795,8.7282,8.7467
8/23/2016,8.7983,8.82,8.7933,8.795
8/22/2016,8.765,8.78,8.741,8.7733
8/19/2016,8.7633,8.7767,8.74,8.7717
8/18/2016,8.7533,8.7833,8.7533,8.7833
8/17/2016,8.7433,8.76,8.702,8.7567
8/16/2016,8.7767,8.7777,8.7433,8.7433
8/15/2016,8.7833,8.8117,8.7767,8.795
8/12/2016,8.7617,8.773,8.7433,8.76
8/11/2016,8.75,8.78,8.7387,8.77
8/10/2016,8.76,8.7617,8.714,8.73
8/9/2016,8.7567,8.7767,8.7431,8.7517
8/8/2016,8.7633,8.7717,8.7383,8.75
8/5/2016,8.7183,8.7567,8.7095,8.7533
8/4/2016,8.6733,8.6983,8.6617,8.6817
8/3/2016,8.6317,8.675,8.6242,8.675
8/2/2016,8.6983,8.7017,8.6053,8.6383
8/1/2016,8.7117,8.7367,8.685,8.7035
7/29/2016,8.6883,8.7317,8.6702,8.7156
7/28/2016,8.6817,8.7132,8.6567,8.7017
7/27/2016,8.7167,8.7167,8.6533,8.685
7/26/2016,8.6833,8.71,8.6563,8.6967
7/25/2016,8.7033,8.7033,8.6627,8.6867
7/22/2016,8.6733,8.7117,8.66,8.71
7/21/2016,8.695,8.7083,8.6467,8.6683
7/20/2016,8.68,8.7098,8.66,8.6983
7/19/2016,8.6567,8.6633,8.6383,8.6583
7/18/2016,8.6617,8.6783,8.6432,8.6733
7/15/2016,8.685,8.685,8.63,8.6517
7/14/2016,8.6667,8.7,8.6417,8.655
7/13/2016,8.6183,8.64,8.5933,8.6167
7/12/2016,8.5917,8.6367,8.5885,8.6217
7/11/2016,8.5417,8.5766,8.5331,8.555
7/8/2016,8.4433,8.5267,8.44,8.5183
7/7/2016,8.395,8.4317,8.3517,8.3867
7/6/2016,8.3133,8.3917,8.285,8.3867
7/5/2016,8.3667,8.3833,8.3067,8.3383
7/1/2016,8.375,8.4267,8.375,8.405
6/30/2016,8.295,8.3867,8.2633,8.3833
6/29/2016,8.1933,8.2783,8.1717,8.2667
6/28/2016,8.0533,8.1234,8.0333,8.1233
6/27/2016,8.085,8.085,7.945,7.9817
6/24/2016,8.1433,8.29,8.1253,8.1483
6/23/2016,8.405,8.4517,8.3867,8.4483
6/22/2016,8.3617,8.3933,8.3313,8.335
6/21/2016,8.355,8.37,8.3267,8.3517
6/20/2016,8.3683,8.4008,8.33,8.3333
6/17/2016,8.3433,8.3433,8.2883,8.3167
6/16/2016,8.2767,8.3483,8.23,8.345
6/15/2016,8.3483,8.3817,8.315,8.325
6/14/2016,8.3333,8.3567,8.2833,8.33
6/13/2016,8.385,8.4275,8.3433,8.35
6/10/2016,8.435,8.4517,8.3931,8.4175
6/9/2016,8.4833,8.5117,8.4717,8.505
6/8/2016,8.5017,8.5281,8.4937,8.5217
6/7/2016,8.49,8.5167,8.4833,8.4933
6/6/2016,8.445,8.4925,8.44,8.4767
6/3/2016,8.4317,8.4433,8.3733,8.43
6/2/2016,8.4067,8.455,8.3857,8.455
6/1/2016,8.38,8.4317,8.3633,8.4233
5/31/2016,8.43,8.4333,8.375,8.405
5/27/2016,8.3717,8.4105,8.3717,8.41
5/26/2016,8.3717,8.3889,8.3567,8.3717
5/25/2016,8.3383,8.3892,8.3367,8.3717
5/24/2016,8.2383,8.3283,8.2383,8.3133
5/23/2016,8.2167,8.23,8.195,8.2
5/20/2016,8.1867,8.2327,8.185,8.215
5/19/2016,8.1567,8.1707,8.0967,8.1533
5/18/2016,8.1667,8.2383,8.1333,8.1833
5/17/2016,8.2517,8.2544,8.1581,8.1833
5/16/2016,8.19,8.28,8.1882,8.2567
5/13/2016,8.2367,8.2578,8.1617,8.175
5/12/2016,8.29,8.29,8.2017,8.2417
5/11/2016,8.3117,8.325,8.25,8.2517
5/10/2016,8.2583,8.3283,8.2583,8.3283
5/9/2016,8.2183,8.2483,8.2067,8.2283
5/6/2016,8.16,8.22,8.145,8.22
5/5/2016,8.2117,8.2333,8.17,8.1883
5/4/2016,8.205,8.2333,8.1708,8.195
5/3/2016,8.2733,8.2733,8.2077,8.245
5/2/2016,8.2767,8.33,8.2585,8.3233
4/29/2016,8.2767,8.2933,8.205,8.26
4/28/2016,8.3517,8.3983,8.2883,8.305
4/27/2016,8.3433,8.4,8.33,8.3833
4/26/2016,8.3633,8.3783,8.3333,8.3633
4/25/2016,8.3367,8.3433,8.3032,8.34
4/22/2016,8.3383,8.37,8.3182,8.36
4/21/2016,8.4017,8.4027,8.3382,8.3517
4/20/2016,8.3883,8.429,8.365,8.3933
4/19/2016,8.3767,8.41,8.3483,8.3833
4/18/2016,8.275,8.3617,8.2683,8.3617
4/15/2016,8.3083,8.315,8.2914,8.3083
4/14/2016,8.3133,8.3323,8.295,8.3133
4/13/2016,8.255,8.315,8.255,8.3133
4/12/2016,8.1467,8.23,8.125,8.215
4/11/2016,8.1917,8.2283,8.14,8.1417
4/8/2016,8.19,8.215,8.1383,8.16
4/7/2016,8.1933,8.2012,8.105,8.1383
4/6/2016,8.15,8.24,8.14,8.235
4/5/2016,8.1733,8.19,8.1367,8.1483
4/4/2016,8.2633,8.2667,8.2175,8.2283
4/1/2016,8.17,8.2683,8.145,8.2633
3/31/2016,8.2183,8.2433,8.2017,8.2133
3/30/2016,8.2267,8.2567,8.205,8.2167
3/29/2016,8.085,8.1908,8.0657,8.1892
3/28/2016,8.1117,8.1217,8.075,8.0983
3/24/2016,8.0483,8.0933,8.0342,8.0933
3/23/2016,8.1483,8.1483,8.09,8.0967
3/22/2016,8.125,8.1867,8.1167,8.1617
3/21/2016,8.1433,8.1733,8.131,8.1633
3/18/2016,8.195,8.2092,8.1717,8.1967
3/17/2016,8.1,8.18,8.08,8.1583
3/16/2016,8.0283,8.115,8.028,8.0967
3/15/2016,8.0333,8.05,8.0133,8.045
3/14/2016,8.0617,8.0967,8.045,8.0767
3/11/2016,8.0183,8.0883,8.0167,8.085
3/10/2016,7.9767,8.015,7.8683,7.9517
3/9/2016,7.9517,7.9667,7.915,7.9533
3/8/2016,7.9683,7.9767,7.9083,7.9167
3/7/2016,7.9617,8.0342,7.955,8.0183
3/4/2016,7.98,8.0383,7.9467,7.9988
3/3/2016,7.9267,7.9733,7.905,7.9733
3/2/2016,7.8767,7.9333,7.8585,7.9333
3/1/2016,7.7667,7.8917,7.75,7.8917
2/29/2016,7.765,7.8117,7.705,7.705
2/26/2016,7.8133,7.8165,7.755,7.7633
2/25/2016,7.7017,7.77,7.6667,7.77
2/24/2016,7.5767,7.69,7.5222,7.6817
2/23/2016,7.7083,7.7167,7.6383,7.6417
2/22/2016,7.6917,7.7417,7.6917,7.735
2/19/2016,7.59,7.6316,7.5583,7.6233
2/18/2016,7.6733,7.6733,7.61,7.6217
2/17/2016,7.5833,7.6715,7.58,7.6533
2/16/2016,7.4767,7.5283,7.4383,7.5267
2/12/2016,7.3217,7.395,7.29,7.3917
2/11/2016,7.2367,7.2915,7.1767,7.25
2/10/2016,7.3817,7.4617,7.3367,7.3383
2/9/2016,7.2683,7.3985,7.2683,7.34
2/8/2016,7.3683,7.3983,7.2467,7.35
2/5/2016,7.5917,7.6047,7.4402,7.465
2/4/2016,7.5817,7.6716,7.5633,7.6167
2/3/2016,7.6067,7.62,7.437,7.5983
2/2/2016,7.6417,7.6417,7.5383,7.5617
2/1/2016,7.665,7.7417,7.6317,7.7083
1/29/2016,7.5517,7.7067,7.547,7.7067
1/28/2016,7.56,7.5667,7.4467,7.5192
1/27/2016,7.55,7.625,7.4483,7.4917
1/26/2016,7.4917,7.5833,7.48,7.5717
1/25/2016,7.5617,7.57,7.455,7.4633
1/22/2016,7.5467,7.5917,7.5167,7.5834
1/21/2016,7.4217,7.5165,7.355,7.43
1/20/2016,7.3617,7.465,7.1917,7.4
1/19/2016,7.56,7.5692,7.4058,7.47
1/15/2016,7.455,7.5133,7.3842,7.4833
1/14/2016,7.55,7.6936,7.4684,7.64
1/13/2016,7.76,7.7667,7.5033,7.525
1/12/2016,7.74,7.7671,7.6248,7.72
1/11/2016,7.7183,7.73,7.585,7.67
1/8/2016,7.8283,7.8322,7.66,7.675
1/7/2016,7.83,7.8967,7.748,7.7633
1/6/2016,7.9517,8.0067,7.9117,7.9583
1/5/2016,8.0667,8.0825,8.0135,8.0583
1/4/2016,8.035,8.0517,7.9583,8.0517
12/31/2015,8.2233,8.2517,8.1717,8.1733
12/30/2015,8.2983,8.3,8.2433,8.2517
12/29/2015,8.2717,8.3227,8.2717,8.31
12/28/2015,8.2183,8.2242,8.1718,8.2233
12/24/2015,8.2467,8.2717,8.2317,8.2433
12/23/2015,8.2017,8.256,8.195,8.255
12/22/2015,8.1183,8.1667,8.075,8.15
12/21/2015,8.0717,8.0882,8.0168,8.0767
12/18/2015,8.1667,8.1667,8.0617,8.0617
12/17/2015,8.3333,8.3383,8.2,8.2017
12/16/2015,8.2483,8.3317,8.2,8.3167
12/15/2015,8.1867,8.235,8.1777,8.1983
12/14/2015,8.0883,8.1217,8.005,8.1117
12/11/2015,8.1583,8.1767,8.0725,8.085
12/10/2015,8.2333,8.3052,8.2167,8.2467
12/9/2015,8.2667,8.3583,8.185,8.2283
12/8/2015,8.2717,8.3333,8.2467,8.2983
12/7/2015,8.3933,8.3967,8.3085,8.345
12/4/2015,8.2717,8.4208,8.2717,8.4083
12/3/2015,8.4017,8.4045,8.2283,8.26
12/2/2015,8.4783,8.48,8.3708,8.385
12/1/2015,8.4167,8.4742,8.4097,8.468
11/30/2015,8.4383,8.44,8.3893,8.3933
11/27/2015,8.4217,8.4358,8.395,8.4233
11/25/2015,8.415,8.43,8.3987,8.4175
11/24/2015,8.3433,8.4275,8.3282,8.4083
11/23/2015,8.3933,8.4267,8.3717,8.395
11/20/2015,8.4017,8.4266,8.38,8.395
11/19/2015,8.37,8.3872,8.3517,8.3633
11/18/2015,8.27,8.3802,8.265,8.37
11/17/2015,8.2717,8.3083,8.2233,8.24
11/16/2015,8.1233,8.2517,8.1233,8.25
11/13/2015,8.1983,8.2133,8.1333,8.1367
11/12/2015,8.3,8.315,8.2233,8.2267
11/11/2015,8.3967,8.3967,8.3433,8.345
11/10/2015,8.3383,8.3817,8.3252,8.38
11/9/2015,8.4167,8.4183,8.3183,8.3617
11/6/2015,8.4233,8.4498,8.375,8.4433
11/5/2015,8.4533,8.47,8.3967,8.4433
11/4/2015,8.4917,8.4965,8.4253,8.45
11/3/2015,8.44,8.5,8.4233,8.4733
